Invoice,StockCode,Description,Quantity,InvoiceDate,Price,Customer ID,Country
490382,21136,PAINTED METAL PEARS ASSORTED,16,2009-12-05 13:32:00,1.69,12359.0,Cyprus
490382,21770,OPEN CLOSED METAL SIGN,2,2009-12-05 13:32:00,4.95,12359.0,Cyprus
490382,21164,HOME SWEET HOME METAL SIGN ,6,2009-12-05 13:32:00,2.95,12359.0,Cyprus
490382,21181,PLEASE ONE PERSON  METAL SIGN,6,2009-12-05 13:32:00,2.1,12359.0,Cyprus
490382,82552,WASHROOM METAL SIGN,12,2009-12-05 13:32:00,1.25,12359.0,Cyprus
490382,85150,LADIES & GENTLEMEN METAL SIGN,6,2009-12-05 13:32:00,2.55,12359.0,Cyprus
490382,85152,HAND OVER THE CHOCOLATE   SIGN ,6,2009-12-05 13:32:00,2.1,12359.0,Cyprus
490382,21527,RETRO SPOT TRADITIONAL TEAPOT ,2,2009-12-05 13:32:00,7.95,12359.0,Cyprus
490382,20750, RED/WHITE DOT MINI CASES,2,2009-12-05 13:32:00,7.95,12359.0,Cyprus
490382,21155,RED SPOTTY PEG BAG,6,2009-12-05 13:32:00,2.1,12359.0,Cyprus
490382,22215,CAKE STAND WHITE TWO TIER LACE,4,2009-12-05 13:32:00,8.5,12359.0,Cyprus
490382,85055,FRENCH ENAMEL UTENSIL HOLDER,8,2009-12-05 13:32:00,3.75,12359.0,Cyprus
490382,85053,FRENCH ENAMEL CANDLEHOLDER,6,2009-12-05 13:32:00,2.1,12359.0,Cyprus
490382,21300,ANTIQUE EDWARDIAN DRESSER,2,2009-12-05 13:32:00,49.95,12359.0,Cyprus
490382,22047,EMPIRE GIFT WRAP,200,2009-12-05 13:32:00,0.34,12359.0,Cyprus
490382,21462,"NURSERY A,B,C PAINTED LETTERS",2,2009-12-05 13:32:00,6.75,12359.0,Cyprus
490382,21134,VICTORIAN METAL POSTCARD CHRISTMAS,16,2009-12-05 13:32:00,1.65,12359.0,Cyprus
490382,48116,DOOR MAT MULTICOLOUR STRIPE,2,2009-12-05 13:32:00,6.75,12359.0,Cyprus
490382,20685,RED SPOTTY COIR DOORMAT,2,2009-12-05 13:32:00,6.75,12359.0,Cyprus
490382,85232B,SET/3 RUSSIAN DOLL STACKING TINS,3,2009-12-05 13:32:00,4.95,12359.0,Cyprus
490382,20819,SILVER TEDDY BEAR,4,2009-12-05 13:32:00,3.75,12359.0,Cyprus
490382,20818,GOLD TEDDY BEAR,4,2009-12-05 13:32:00,3.75,12359.0,Cyprus
490382,84926C,FAIRY CAKES TILE COASTER,12,2009-12-05 13:32:00,1.25,12359.0,Cyprus
490382,84509B,FAIRY CAKE PLACEMATS,8,2009-12-05 13:32:00,3.75,12359.0,Cyprus
490382,22084,PAPER CHAIN KIT EMPIRE,6,2009-12-05 13:32:00,2.95,12359.0,Cyprus
490382,21080,SET/20 RED SPOTTY PAPER NAPKINS ,12,2009-12-05 13:32:00,0.85,12359.0,Cyprus
490382,85114C,RED ENCHANTED FOREST PLACEMAT,12,2009-12-05 13:32:00,1.65,12359.0,Cyprus
490382,84520B,PACK 20 ENGLISH ROSE PAPER NAPKINS,12,2009-12-05 13:32:00,0.85,12359.0,Cyprus
490382,72760B,VINTAGE CREAM 3 BASKET CAKE STAND,6,2009-12-05 13:32:00,9.95,12359.0,Cyprus
490382,22222,CAKE PLATE LOVEBIRD WHITE,6,2009-12-05 13:32:00,4.95,12359.0,Cyprus
490382,22218,CAKE STAND LACE WHITE,3,2009-12-05 13:32:00,4.25,12359.0,Cyprus
490382,21752,GLASS CAKE STAND MIRRORED BASE,3,2009-12-05 13:32:00,14.95,12359.0,Cyprus
491726,21054,NURSE'S BAG SOFT TOY,1,2009-12-14 08:40:00,8.95,12439.0,Cyprus
491726,21056,DOCTOR'S BAG SOFT TOY,1,2009-12-14 08:40:00,8.95,12439.0,Cyprus
491726,21055,TOOL BOX SOFT TOY ,1,2009-12-14 08:40:00,8.95,12439.0,Cyprus
491726,84580,MOUSE TOY WITH PINK T-SHIRT,4,2009-12-14 08:40:00,3.75,12439.0,Cyprus
491726,21841,BABY MOUSE RED GINGHAM DRESS,3,2009-12-14 08:40:00,4.25,12439.0,Cyprus
491726,20703,BLUE PADDED SOFT MOBILE,3,2009-12-14 08:40:00,4.25,12439.0,Cyprus
491726,20702,PINK PADDED MOBILE,3,2009-12-14 08:40:00,4.25,12439.0,Cyprus
491726,20749,ASSORTED COLOUR MINI CASES,2,2009-12-14 08:40:00,7.95,12439.0,Cyprus
491726,22139,RETRO SPOT TEA SET CERAMIC 11 PC ,3,2009-12-14 08:40:00,4.95,12439.0,Cyprus
491726,22138,BAKING SET 9 PIECE RETROSPOT ,3,2009-12-14 08:40:00,4.95,12439.0,Cyprus
491726,21561,DINOSAUR LUNCHBOX WITH CUTLERY,6,2009-12-14 08:40:00,2.55,12439.0,Cyprus
491726,22111,SCOTTIE DOG HOT WATER BOTTLE,3,2009-12-14 08:40:00,4.95,12439.0,Cyprus
491726,85129C,BEADED CRYSTAL HEART BLUE SMALL,12,2009-12-14 08:40:00,1.25,12439.0,Cyprus
491726,21430,SET/3 RED GINGHAM ROSE STORAGE BOX,4,2009-12-14 08:40:00,3.75,12439.0,Cyprus
491726,21428,SET3 BOOK BOX GREEN GINGHAM FLOWER ,4,2009-12-14 08:40:00,4.25,12439.0,Cyprus
491726,21259,VICTORIAN SEWING BOX SMALL ,2,2009-12-14 08:40:00,5.95,12439.0,Cyprus
491726,21051,RIBBONS PURSE ,6,2009-12-14 08:40:00,2.1,12439.0,Cyprus
491726,84773,RED ROSE AND LACE C/COVER,6,2009-12-14 08:40:00,2.95,12439.0,Cyprus
491726,84622,PINK GINGHAM ROSE CUSHION COVER,4,2009-12-14 08:40:00,5.95,12439.0,Cyprus
491726,84620,BLUE GINGHAM ROSE CUSHION COVER,4,2009-12-14 08:40:00,5.95,12439.0,Cyprus
491726,37447,CERAMIC CAKE DESIGN SPOTTED PLATE,12,2009-12-14 08:40:00,1.49,12439.0,Cyprus
491726,37448,CERAMIC CAKE DESIGN SPOTTED MUG,12,2009-12-14 08:40:00,1.49,12439.0,Cyprus
491726,21232,STRAWBERRY CERAMIC TRINKET BOX,12,2009-12-14 08:40:00,1.25,12439.0,Cyprus
491726,21231,SWEETHEART CERAMIC TRINKET BOX,12,2009-12-14 08:40:00,1.25,12439.0,Cyprus
491726,15060B,FAIRY CAKE DESIGN UMBRELLA,4,2009-12-14 08:40:00,3.75,12439.0,Cyprus
491726,47556B,TEA TIME TEA TOWELS ,6,2009-12-14 08:40:00,2.95,12439.0,Cyprus
491726,72756,FAIRY CAKE CANDLES,9,2009-12-14 08:40:00,1.49,12439.0,Cyprus
491726,37501,TEA TIME TEA SET IN GIFT BOX,3,2009-12-14 08:40:00,6.95,12439.0,Cyprus
491726,37500,TEA TIME TEAPOT IN GIFT BOX,2,2009-12-14 08:40:00,9.95,12439.0,Cyprus
491726,21396,RED SPOTTY EGG CUP ,12,2009-12-14 08:40:00,1.25,12439.0,Cyprus
491726,21402,RED  EGG  SPOON,12,2009-12-14 08:40:00,0.42,12439.0,Cyprus
491726,47505,MINATURE COLOURED GARDENING SET,3,2009-12-14 08:40:00,4.95,12439.0,Cyprus
491726,20747,PICCADILLY TEA SET,1,2009-12-14 08:40:00,14.95,12439.0,Cyprus
491726,20754,RETRO RED SPOTTY WASHING UP GLOVES,6,2009-12-14 08:40:00,2.1,12439.0,Cyprus
491726,20753,RETRO PINK SPOT WASHING UP GLOVES,6,2009-12-14 08:40:00,2.1,12439.0,Cyprus
491726,22202,MILK PAN PINK RETROSPOT,4,2009-12-14 08:40:00,3.75,12439.0,Cyprus
491726,21414,SCALLOP SHELL SOAP DISH,6,2009-12-14 08:40:00,2.1,12439.0,Cyprus
491726,20960,WATERMELON BATH SPONGE,12,2009-12-14 08:40:00,1.25,12439.0,Cyprus
491726,20966,SANDWICH BATH SPONGE,12,2009-12-14 08:40:00,1.25,12439.0,Cyprus
491726,84849B,FAIRY SOAP SOAP HOLDER,12,2009-12-14 08:40:00,1.69,12439.0,Cyprus
491726,21175,GIN + TONIC DIET METAL SIGN,12,2009-12-14 08:40:00,2.1,12439.0,Cyprus
491726,21166,COOK WITH WINE METAL SIGN ,12,2009-12-14 08:40:00,1.95,12439.0,Cyprus
491726,21181,PLEASE ONE PERSON  METAL SIGN,6,2009-12-14 08:40:00,2.1,12439.0,Cyprus
491726,22178,VICTORIAN GLASS HANGING T-LIGHT,12,2009-12-14 08:40:00,1.25,12439.0,Cyprus
491726,84970L,SINGLE HEART ZINC T-LIGHT HOLDER,12,2009-12-14 08:40:00,0.95,12439.0,Cyprus
491726,84755,COLOUR GLASS T-LIGHT HOLDER HANGING,16,2009-12-14 08:40:00,0.65,12439.0,Cyprus
491726,21652,GLASS ETCHED T-LIGHT HOLDER MEDIUM,12,2009-12-14 08:40:00,1.95,12439.0,Cyprus
491726,22090,PAPER BUNTING RETRO SPOTS,6,2009-12-14 08:40:00,2.95,12439.0,Cyprus
491726,20728,LUNCH BAG CARS BLUE,10,2009-12-14 08:40:00,1.65,12439.0,Cyprus
491726,18096C,WHITE ROUND PORCELAIN TLIGHT HOLDER,6,2009-12-14 08:40:00,2.55,12439.0,Cyprus
491726,85123A,WHITE HANGING HEART T-LIGHT HOLDER,6,2009-12-14 08:40:00,2.95,12439.0,Cyprus
491726,18096C,WHITE ROUND PORCELAIN TLIGHT HOLDER,6,2009-12-14 08:40:00,2.55,12439.0,Cyprus
491726,72741,GRAND CHOCOLATECANDLE,18,2009-12-14 08:40:00,1.45,12439.0,Cyprus
491726,72807B,SET/3 OCEAN SCENT CANDLE JEWEL BOX,4,2009-12-14 08:40:00,4.25,12439.0,Cyprus
491726,20931,BLUE POT PLANT CANDLE ,4,2009-12-14 08:40:00,3.75,12439.0,Cyprus
491726,48188,DOOR MAT WELCOME PUPPIES,2,2009-12-14 08:40:00,6.75,12439.0,Cyprus
491726,48111,DOOR MAT 3 SMILEY CATS,2,2009-12-14 08:40:00,6.75,12439.0,Cyprus
491726,21390,FILIGRIS HEART WITH BUTTERFLY,24,2009-12-14 08:40:00,1.25,12439.0,Cyprus
491726,84879,ASSORTED COLOUR BIRD ORNAMENT,8,2009-12-14 08:40:00,1.69,12439.0,Cyprus
491726,21333,CLASSIC WHITE FRAME,6,2009-12-14 08:40:00,2.95,12439.0,Cyprus
491726,21269,ANTIQUE CREAM CUTLERY SHELF ,2,2009-12-14 08:40:00,8.5,12439.0,Cyprus
491726,85053,FRENCH ENAMEL CANDLEHOLDER,6,2009-12-14 08:40:00,2.1,12439.0,Cyprus
491726,82483,WOOD 2 DRAWER CABINET WHITE FINISH,3,2009-12-14 08:40:00,5.95,12439.0,Cyprus
491726,82482,WOODEN PICTURE FRAME WHITE FINISH,6,2009-12-14 08:40:00,2.55,12439.0,Cyprus
491726,21756,BATH BUILDING BLOCK WORD,3,2009-12-14 08:40:00,5.95,12439.0,Cyprus
491726,21278,VINTAGE KITCHEN PRINT PUDDINGS,6,2009-12-14 08:40:00,2.55,12439.0,Cyprus
491726,21260,FIRST AID TIN,6,2009-12-14 08:40:00,3.25,12439.0,Cyprus
491726,21837,CROSS STITCH ALPHABET CUSHION COVER,3,2009-12-14 08:40:00,5.95,12439.0,Cyprus
492397,84520D,PACK OF 20 FAIRY CAKE PAPER NAPKINS,12,2009-12-16 15:24:00,0.85,12359.0,Cyprus
492397,22051,BLUE SCANDINAVIAN PAISLEY WRAP,200,2009-12-16 15:24:00,0.34,12359.0,Cyprus
492742,84946,ANTIQUE SILVER TEA GLASS ETCHED,12,2009-12-18 12:33:00,1.25,12455.0,Cyprus
492742,82482,WOODEN PICTURE FRAME WHITE FINISH,6,2009-12-18 12:33:00,2.55,12455.0,Cyprus
492742,82494L,WOODEN FRAME ANTIQUE WHITE ,6,2009-12-18 12:33:00,2.95,12455.0,Cyprus
492742,84684,BEACH HUT PHOTO FRAME,8,2009-12-18 12:33:00,2.55,12455.0,Cyprus
492742,84818,DANISH ROSE PHOTO FRAME,6,2009-12-18 12:33:00,2.55,12455.0,Cyprus
492742,21272,SALLE DE BAIN HOOK,12,2009-12-18 12:33:00,1.25,12455.0,Cyprus
492742,84406B,CREAM CUPID HEARTS COAT HANGER,8,2009-12-18 12:33:00,3.25,12455.0,Cyprus
492742,21185, HOME SWEET HOME  BLACKBOARD,3,2009-12-18 12:33:00,6.35,12455.0,Cyprus
492742,84688,BEACH HUT DESIGN BLACKBOARD,6,2009-12-18 12:33:00,4.25,12455.0,Cyprus
492742,21764,VINTAGE WOODEN PLATE RACK,2,2009-12-18 12:33:00,39.95,12455.0,Cyprus
492742,21768,WALL MOUNTED VINTAGE ORGANISER,1,2009-12-18 12:33:00,14.95,12455.0,Cyprus
492742,22172,METAL SHELF WITH RAIL ,2,2009-12-18 12:33:00,8.5,12455.0,Cyprus
492742,22171,3 HOOK PHOTO SHELF ANTIQUE WHITE,2,2009-12-18 12:33:00,8.5,12455.0,Cyprus
492742,82580,BATHROOM METAL SIGN,12,2009-12-18 12:33:00,0.55,12455.0,Cyprus
492742,21164,HOME SWEET HOME METAL SIGN ,6,2009-12-18 12:33:00,2.95,12455.0,Cyprus
492742,21165,BEWARE OF THE CAT METAL SIGN ,12,2009-12-18 12:33:00,1.69,12455.0,Cyprus
492742,21179,NO JUNK MAIL METAL SIGN,12,2009-12-18 12:33:00,1.25,12455.0,Cyprus
492742,21770,OPEN CLOSED METAL SIGN,2,2009-12-18 12:33:00,4.95,12455.0,Cyprus
492742,21908,CHOCOLATE THIS WAY METAL SIGN,6,2009-12-18 12:33:00,2.1,12455.0,Cyprus
492742,21911,GARDEN METAL SIGN ,12,2009-12-18 12:33:00,1.65,12455.0,Cyprus
492742,21171,BATHROOM METAL SIGN ,12,2009-12-18 12:33:00,1.45,12455.0,Cyprus
492742,21175,GIN + TONIC DIET METAL SIGN,6,2009-12-18 12:33:00,2.1,12455.0,Cyprus
492742,82578,KITCHEN METAL SIGN,12,2009-12-18 12:33:00,0.55,12455.0,Cyprus
492742,82581,TOILET METAL SIGN,12,2009-12-18 12:33:00,0.55,12455.0,Cyprus
492742,21274,EMBOSSED HEART 3 DRAWER SHELF,1,2009-12-18 12:33:00,12.75,12455.0,Cyprus
492742,21276,TWO EMBOSSED HEART MINI DRAWERS,2,2009-12-18 12:33:00,6.95,12455.0,Cyprus
492742,21780,MA CAMPAGNE 4 DRAWER WALL SHELF,1,2009-12-18 12:33:00,14.95,12455.0,Cyprus
492742,20845,ZINC HEART LATTICE 2 WALL PLANTER,2,2009-12-18 12:33:00,6.35,12455.0,Cyprus
492742,21340,CLASSIC METAL BIRDCAGE PLANT HOLDER,8,2009-12-18 12:33:00,9.95,12455.0,Cyprus
492742,84815,SET OF 3 DANISH ROSE PLANTERS,3,2009-12-18 12:33:00,4.25,12455.0,Cyprus
492742,21523,FANCY FONT HOME SWEET HOME DOORMAT,2,2009-12-18 12:33:00,6.75,12455.0,Cyprus
492742,21524,SPOTTY  HOME SWEET HOME DOORMAT,2,2009-12-18 12:33:00,6.75,12455.0,Cyprus
492742,48103,DOOR MAT KISS MY.......,2,2009-12-18 12:33:00,6.75,12455.0,Cyprus
492742,48187,DOOR MAT NEW ENGLAND,2,2009-12-18 12:33:00,6.75,12455.0,Cyprus
492742,48188,DOOR MAT WELCOME PUPPIES,2,2009-12-18 12:33:00,6.75,12455.0,Cyprus
492742,48195,DOOR MAT GREEN PAISLEY ,2,2009-12-18 12:33:00,6.75,12455.0,Cyprus
492742,85065,CREAM SWEETHEART TRAYS,1,2009-12-18 12:33:00,12.75,12455.0,Cyprus
492742,84880,WHITE WIRE EGG HOLDER,3,2009-12-18 12:33:00,5.95,12455.0,Cyprus
492742,85121B,RETRO LAUNDRY TUB PINK,2,2009-12-18 12:33:00,8.5,12455.0,Cyprus
492742,85121C,RETRO LAUNDRY TUB PISTACHIO,2,2009-12-18 12:33:00,8.5,12455.0,Cyprus
492742,47568,ENGLISH ROSE DESIGN PEG BAG,6,2009-12-18 12:33:00,2.1,12455.0,Cyprus
492742,84691,PACK 20 DOLLY PEGS,12,2009-12-18 12:33:00,0.85,12455.0,Cyprus
492742,20998,ROSE DU SUD OVEN GLOVE,6,2009-12-18 12:33:00,2.95,12455.0,Cyprus
492742,21836,GINGHAM OVEN GLOVE RED HEART ,4,2009-12-18 12:33:00,3.75,12455.0,Cyprus
492742,21407,BROWN CHECK CAT DOORSTOP ,3,2009-12-18 12:33:00,4.25,12455.0,Cyprus
492742,21411,GINGHAM HEART  DOORSTOP RED,3,2009-12-18 12:33:00,4.25,12455.0,Cyprus
492742,21303,FILIGREE WALL MIRROR  ANTIQUE WHITE,4,2009-12-18 12:33:00,14.75,12455.0,Cyprus
492742,84686,BEACH HUT MIRROR,4,2009-12-18 12:33:00,4.25,12455.0,Cyprus
492742,22096,PINK PAISLEY SQUARE TISSUE BOX ,12,2009-12-18 12:33:00,1.25,12455.0,Cyprus
492742,22097,SWALLOW SQUARE TISSUE BOX,12,2009-12-18 12:33:00,1.25,12455.0,Cyprus
492742,21257,VICTORIAN SEWING BOX MEDIUM,2,2009-12-18 12:33:00,7.95,12455.0,Cyprus
492742,10133,COLOURING PENCILS BROWN TUBE,10,2009-12-18 12:33:00,0.85,12455.0,Cyprus
492742,20984,12 PENCILS TALL TUBE POSY,12,2009-12-18 12:33:00,0.85,12455.0,Cyprus
492742,21428,SET3 BOOK BOX GREEN GINGHAM FLOWER ,4,2009-12-18 12:33:00,4.25,12455.0,Cyprus
492742,84689,S/2 BEACH HUT TREASURE CHESTS,3,2009-12-18 12:33:00,5.95,12455.0,Cyprus
492742,84685,BEACH HUT KEY CABINET,4,2009-12-18 12:33:00,3.75,12455.0,Cyprus
492742,85232A,SET/3 POLKA DOT STACKING TINS,3,2009-12-18 12:33:00,4.95,12455.0,Cyprus
492742,84658,WHITE STITCHED CUSHION COVER,4,2009-12-18 12:33:00,6.95,12455.0,Cyprus
492742,84907,PINK/YELLOW PATCH CUSHION COVER,4,2009-12-18 12:33:00,7.65,12455.0,Cyprus
492742,84918,CREAM C/COVER W YELLOW/GREEN FLOWER,4,2009-12-18 12:33:00,6.95,12455.0,Cyprus
492742,84919,L BLUE C/COVER W PINK/YELLOW FLOWER,4,2009-12-18 12:33:00,6.95,12455.0,Cyprus
492742,20840,FRENCH FLORAL CUSHION COVER ,6,2009-12-18 12:33:00,2.95,12455.0,Cyprus
492742,21837,CROSS STITCH ALPHABET CUSHION COVER,6,2009-12-18 12:33:00,5.95,12455.0,Cyprus
492742,46000S,POLYESTER FILLER PAD 40x40cm,10,2009-12-18 12:33:00,1.45,12455.0,Cyprus
492742,46000M,POLYESTER FILLER PAD 45x45cm,18,2009-12-18 12:33:00,1.55,12455.0,Cyprus
492742,84910A,PINK PAISLEY CUSHION COVER ,4,2009-12-18 12:33:00,5.95,12455.0,Cyprus
492742,84657,GREEN ROSE CUSHION COVER,4,2009-12-18 12:33:00,5.95,12455.0,Cyprus
492742,84622,PINK GINGHAM ROSE CUSHION COVER,4,2009-12-18 12:33:00,5.95,12455.0,Cyprus
492742,84620,BLUE GINGHAM ROSE CUSHION COVER,4,2009-12-18 12:33:00,5.95,12455.0,Cyprus
492742,21040,MODERN VINTAGE COTTON SHOPPING BAG,6,2009-12-18 12:33:00,2.55,12455.0,Cyprus
492742,21929,JUMBO BAG PINK VINTAGE PAISLEY,10,2009-12-18 12:33:00,1.95,12455.0,Cyprus
492742,21928,JUMBO BAG SCANDINAVIAN PAISLEY,10,2009-12-18 12:33:00,1.95,12455.0,Cyprus
492742,20749,ASSORTED COLOUR MINI CASES,2,2009-12-18 12:33:00,7.95,12455.0,Cyprus
492742,15039,SANDALWOOD FAN,10,2009-12-18 12:33:00,0.85,12455.0,Cyprus
492742,15056N,EDWARDIAN PARASOL NATURAL,3,2009-12-18 12:33:00,5.95,12455.0,Cyprus
492742,20679,EDWARDIAN PARASOL RED,3,2009-12-18 12:33:00,5.95,12455.0,Cyprus
492742,85014D,PINK/BROWN DOTS RUFFLED UMBRELLA,3,2009-12-18 12:33:00,5.95,12455.0,Cyprus
492742,21484,CHICK GREY HOT WATER BOTTLE,4,2009-12-18 12:33:00,3.45,12455.0,Cyprus
492742,22111,SCOTTIE DOG HOT WATER BOTTLE,3,2009-12-18 12:33:00,4.95,12455.0,Cyprus
492742,21323,HANGING MEDINA LANTERN LARGE,3,2009-12-18 12:33:00,4.25,12455.0,Cyprus
492742,21324,HANGING MEDINA LANTERN SMALL,6,2009-12-18 12:33:00,2.95,12455.0,Cyprus
492742,21730,GLASS STAR FROSTED T-LIGHT HOLDER,3,2009-12-18 12:33:00,4.95,12455.0,Cyprus
492742,21733,RED HANGING HEART T-LIGHT HOLDER,6,2009-12-18 12:33:00,2.95,12455.0,Cyprus
492742,71459,HANGING JAM JAR T-LIGHT HOLDER,12,2009-12-18 12:33:00,0.85,12455.0,Cyprus
492742,84948,SILVER HANGING T-LIGHT HOLDER DOME,6,2009-12-18 12:33:00,1.65,12455.0,Cyprus
492742,84949,SILVER HANGING T-LIGHT HOLDER,6,2009-12-18 12:33:00,1.65,12455.0,Cyprus
492742,85123A,WHITE HANGING HEART T-LIGHT HOLDER,12,2009-12-18 12:33:00,2.95,12455.0,Cyprus
492742,21326,AGED GLASS SILVER T-LIGHT HOLDER,12,2009-12-18 12:33:00,0.65,12455.0,Cyprus
492742,21736,GOLD SCROLL GLASS T-LIGHT HOLDER,6,2009-12-18 12:33:00,2.1,12455.0,Cyprus
495687,84879,ASSORTED COLOUR BIRD ORNAMENT,8,2010-01-26 12:11:00,1.69,12439.0,Cyprus
495687,84050,PINK HEART SHAPE EGG FRYING PAN,6,2010-01-26 12:11:00,1.65,12439.0,Cyprus
495687,21733,RED HANGING HEART T-LIGHT HOLDER,6,2010-01-26 12:11:00,2.95,12439.0,Cyprus
495687,85123A,WHITE HANGING HEART T-LIGHT HOLDER,12,2010-01-26 12:11:00,2.95,12439.0,Cyprus
497932,21658,GLASS  BEURRE DISH,4,2010-02-15 10:12:00,3.95,12391.0,Cyprus
497932,84997C,BLUE 3 PIECE MINI DOTS CUTLERY SET,6,2010-02-15 10:12:00,3.75,12391.0,Cyprus
497932,84997D,PINK 3 PIECE MINI DOTS CUTLERY SET,6,2010-02-15 10:12:00,3.75,12391.0,Cyprus
497932,21467,CHERRY CROCHET FOOD COVER,6,2010-02-15 10:12:00,3.75,12391.0,Cyprus
497932,79067,CORONA MEXICAN TRAY,4,2010-02-15 10:12:00,3.75,12391.0,Cyprus
497932,22203,MILK PAN RED RETROSPOT,4,2010-02-15 10:12:00,3.75,12391.0,Cyprus
497932,22202,MILK PAN PINK RETROSPOT,4,2010-02-15 10:12:00,3.75,12391.0,Cyprus
497932,22199,FRYING PAN RED POLKADOT ,4,2010-02-15 10:12:00,4.25,12391.0,Cyprus
497932,22200,FRYING PAN PINK POLKADOT ,4,2010-02-15 10:12:00,4.25,12391.0,Cyprus
497932,21238,RED SPOTTY CUP,8,2010-02-15 10:12:00,0.85,12391.0,Cyprus
497932,21239,PINK  SPOTTY CUP,8,2010-02-15 10:12:00,0.85,12391.0,Cyprus
497932,21240,BLUE  SPOTTY CUP,8,2010-02-15 10:12:00,0.85,12391.0,Cyprus
497932,22242,"HOOK, 5 HANGER , MAGIC TOADSTOOL",12,2010-02-15 10:12:00,1.65,12391.0,Cyprus
497932,21769,VINTAGE POST OFFICE CABINET,1,2010-02-15 10:12:00,79.95,12391.0,Cyprus
497932,84893,ANT WHITE IRON BASKET,3,2010-02-15 10:12:00,5.95,12391.0,Cyprus
497932,10134,COLOURING PENCILS BROWN TUBE,10,2010-02-15 10:12:00,1.25,12391.0,Cyprus
497932,22381,TOY TIDY PINK RETROSPOT  ,5,2010-02-15 10:12:00,2.1,12391.0,Cyprus
497932,22382,LUNCH BAG SPACEBOY DESIGN ,10,2010-02-15 10:12:00,1.65,12391.0,Cyprus
497932,84750A,PINK SMALL GLASS CAKE STAND,16,2010-02-15 10:12:00,1.95,12391.0,Cyprus
497932,22262,FELT EGG COSY CHICKEN,12,2010-02-15 10:12:00,0.85,12391.0,Cyprus
497932,22261,FELT EGG COSY WHITE RABBIT ,12,2010-02-15 10:12:00,0.85,12391.0,Cyprus
497932,84562A,PINK/WHITE RIBBED MELAMINE JUG,2,2010-02-15 10:12:00,7.95,12391.0,Cyprus
497932,22384,LUNCH BAG PINK RETROSPOT,10,2010-02-15 10:12:00,1.65,12391.0,Cyprus
497932,22385,JUMBO BAG SPACEBOY DESIGN,10,2010-02-15 10:12:00,1.95,12391.0,Cyprus
497932,22386,JUMBO BAG PINK WITH WHITE SPOTS,10,2010-02-15 10:12:00,1.95,12391.0,Cyprus
497932,22496,SET OF 2 ROUND TINS DUTCH CHEESE,6,2010-02-15 10:12:00,2.95,12391.0,Cyprus
497932,22415,WHITE TISSUE REAM,1,2010-02-15 10:12:00,7.95,12391.0,Cyprus
497932,22328,ROUND SNACK BOXES SET OF 4 FRUITS ,6,2010-02-15 10:12:00,2.95,12391.0,Cyprus
497932,21936,RED/WHITE SPOT PICNIC BAG,5,2010-02-15 10:12:00,2.95,12391.0,Cyprus
497932,21094,SET/6 RED SPOTTY PAPER PLATES,12,2010-02-15 10:12:00,0.85,12391.0,Cyprus
497932,72760B,VINTAGE CREAM 3 BASKET CAKE STAND,2,2010-02-15 10:12:00,9.95,12391.0,Cyprus
497932,22215,CAKE STAND WHITE TWO TIER LACE,2,2010-02-15 10:12:00,8.5,12391.0,Cyprus
497932,22218,CAKE STAND LACE WHITE,3,2010-02-15 10:12:00,4.25,12391.0,Cyprus
497932,20803,SMALL PINK GLASS SUNDAE DISH,6,2010-02-15 10:12:00,1.65,12391.0,Cyprus
497932,20799,PINK MILKSHAKE GLASS,12,2010-02-15 10:12:00,2.1,12391.0,Cyprus
497932,20677,PINK SPOTTY BOWL,8,2010-02-15 10:12:00,1.25,12391.0,Cyprus
497932,20676,RED SPOTTY BOWL,8,2010-02-15 10:12:00,1.25,12391.0,Cyprus
497932,21243,PINK  SPOTTY PLATE ,8,2010-02-15 10:12:00,1.69,12391.0,Cyprus
497932,21242,RED SPOTTY PLATE ,8,2010-02-15 10:12:00,1.69,12391.0,Cyprus
497932,21790,VINTAGE SNAP CARDS,12,2010-02-15 10:12:00,0.85,12391.0,Cyprus
497932,46000R,POLYESTER FILLER PAD 45x30cm,2,2010-02-15 10:12:00,1.45,12391.0,Cyprus
497932,46000U,POLYESTER FILLER PAD 30CMx30CM,2,2010-02-15 10:12:00,1.25,12391.0,Cyprus
497932,46000S,POLYESTER FILLER PAD 40x40cm,2,2010-02-15 10:12:00,1.45,12391.0,Cyprus
497932,46000M,POLYESTER FILLER PAD 45x45cm,2,2010-02-15 10:12:00,1.55,12391.0,Cyprus
497932,21667,GLASS CAKE COVER AND PLATE,1,2010-02-15 10:12:00,16.95,12391.0,Cyprus
497932,21843,RETRO SPOT CAKE STAND,1,2010-02-15 10:12:00,10.95,12391.0,Cyprus
498616,22374,AIRLINE BAG VINTAGE JET SET RED,2,2010-02-22 10:13:00,6.35,12391.0,Cyprus
498616,22372,AIRLINE BAG VINTAGE WORLD CHAMPION ,2,2010-02-22 10:13:00,6.35,12391.0,Cyprus
498616,22371,AIRLINE BAG VINTAGE TOKYO 78,2,2010-02-22 10:13:00,6.35,12391.0,Cyprus
500379,21533,RETRO SPOT LARGE MILK JUG,3,2010-03-08 10:15:00,4.95,12359.0,Cyprus
500379,21535,RETRO SPOT SMALL MILK JUG,6,2010-03-08 10:15:00,2.55,12359.0,Cyprus
500379,21843,RETRO SPOT CAKE STAND,2,2010-03-08 10:15:00,10.95,12359.0,Cyprus
500379,22073,RETRO SPOT STORAGE JAR,4,2010-03-08 10:15:00,3.75,12359.0,Cyprus
500379,22348,TEA BAG PLATE RED SPOTTY ,12,2010-03-08 10:15:00,0.85,12359.0,Cyprus
500379,85099B,JUMBO BAG RED WHITE SPOTTY ,10,2010-03-08 10:15:00,1.95,12359.0,Cyprus
500379,21754,HOME BUILDING BLOCK WORD,3,2010-03-08 10:15:00,5.95,12359.0,Cyprus
500379,22357,KINGS CHOICE BISCUIT TIN,4,2010-03-08 10:15:00,4.25,12359.0,Cyprus
500379,22358,KINGS CHOICE TEA CADDY ,6,2010-03-08 10:15:00,2.95,12359.0,Cyprus
500379,21523,FANCY FONT HOME SWEET HOME DOORMAT,2,2010-03-08 10:15:00,6.75,12359.0,Cyprus
500379,84849B,FAIRY SOAP SOAP HOLDER,12,2010-03-08 10:15:00,1.69,12359.0,Cyprus
500379,22212,FOUR HOOK  WHITE LOVEBIRDS,6,2010-03-08 10:15:00,2.1,12359.0,Cyprus
500379,22072,TEA CUP AND SAUCER RETRO SPOT,8,2010-03-08 10:15:00,3.75,12359.0,Cyprus
500379,22500,SET OF 2 TINS JARDIN DE PROVENCE,4,2010-03-08 10:15:00,4.95,12359.0,Cyprus
500379,21770,OPEN CLOSED METAL SIGN,2,2010-03-08 10:15:00,4.95,12359.0,Cyprus
500379,22413,METAL SIGN TAKE IT OR LEAVE IT ,6,2010-03-08 10:15:00,2.95,12359.0,Cyprus
500379,22365,DOOR MAT RESPECTABLE HOUSE,4,2010-03-08 10:15:00,7.49,12359.0,Cyprus
500379,22497,SET OF 2 TINS VINTAGE BATHROOM ,4,2010-03-08 10:15:00,4.25,12359.0,Cyprus
500379,22495,SET OF 2 ROUND TINS CAMEMBERT ,6,2010-03-08 10:15:00,2.95,12359.0,Cyprus
501333,21135,VICTORIAN  METAL POSTCARD SPRING,96,2010-03-16 10:28:00,1.69,12366.0,Cyprus
501333,21136,PAINTED METAL PEARS ASSORTED,96,2010-03-16 10:28:00,1.69,12366.0,Cyprus
501333,84879,ASSORTED COLOUR BIRD ORNAMENT,104,2010-03-16 10:28:00,1.69,12366.0,Cyprus
501904,48187,DOOR MAT NEW ENGLAND,10,2010-03-21 15:56:00,6.35,12368.0,Cyprus
501904,48188,DOOR MAT WELCOME PUPPIES,10,2010-03-21 15:56:00,6.35,12368.0,Cyprus
501904,21667,GLASS CAKE COVER AND PLATE,6,2010-03-21 15:56:00,14.95,12368.0,Cyprus
501904,37449,CERAMIC CAKE STAND + HANGING CAKES,8,2010-03-21 15:56:00,8.5,12368.0,Cyprus
501904,22061,LARGE CAKE STAND  HANGING STRAWBERY,8,2010-03-21 15:56:00,9.95,12368.0,Cyprus
501904,22055,MINI CAKE STAND  HANGING STRAWBERY,32,2010-03-21 15:56:00,1.45,12368.0,Cyprus
501904,37446,MINI CAKE STAND WITH HANGING CAKES,32,2010-03-21 15:56:00,1.25,12368.0,Cyprus
501904,37503,TEA TIME CAKE STAND IN GIFT BOX,12,2010-03-21 15:56:00,9.95,12368.0,Cyprus
501904,47556B,TEA TIME TEA TOWELS ,24,2010-03-21 15:56:00,2.95,12368.0,Cyprus
501904,22198,"POPCORN HOLDER , LARGE",50,2010-03-21 15:56:00,1.45,12368.0,Cyprus
501904,22348,TEA BAG PLATE RED SPOTTY ,36,2010-03-21 15:56:00,0.85,12368.0,Cyprus
501904,21246,RED SPOTTY BIG BOWL,6,2010-03-21 15:56:00,4.95,12368.0,Cyprus
501904,22094,RED POLKA DOT TISSUE BOX,12,2010-03-21 15:56:00,1.25,12368.0,Cyprus
501904,20914,SET/5 RED SPOTTY LID GLASS BOWLS,6,2010-03-21 15:56:00,2.95,12368.0,Cyprus
501904,37450,CERAMIC CAKE BOWL + HANGING CAKES,18,2010-03-21 15:56:00,2.55,12368.0,Cyprus
501904,22100,SKULLS SQUARE TISSUE BOX,12,2010-03-21 15:56:00,1.25,12368.0,Cyprus
501904,51014C,"FEATHER PEN,COAL BLACK",24,2010-03-21 15:56:00,0.85,12368.0,Cyprus
501904,22299,PIG KEYRING WITH LIGHT & SOUND ,24,2010-03-21 15:56:00,1.25,12368.0,Cyprus
502098,22423,REGENCY CAKESTAND 3 TIER,6,2010-03-23 08:55:00,12.75,12359.0,Cyprus
502098,22568,FELTCRAFT CUSHION OWL,4,2010-03-23 08:55:00,3.75,12359.0,Cyprus
502098,22507,MEMO BOARD RETROSPOT  DESIGN,4,2010-03-23 08:55:00,4.95,12359.0,Cyprus
502098,22505,MEMO BOARD COTTAGE DESIGN,4,2010-03-23 08:55:00,4.95,12359.0,Cyprus
502098,22508,DOORSTOP RETROSPOT HEART,4,2010-03-23 08:55:00,3.75,12359.0,Cyprus
502098,22485,SET OF 2 WOODEN MARKET CRATES,6,2010-03-23 08:55:00,12.75,12359.0,Cyprus
502098,22483,RED GINGHAM TEDDY BEAR ,6,2010-03-23 08:55:00,2.95,12359.0,Cyprus
502098,22476,EMPIRE UNION JACK TV DINNER TRAY,3,2010-03-23 08:55:00,4.95,12359.0,Cyprus
502098,22450,SILK PURSE RUSSIAN DOLL BLUE,6,2010-03-23 08:55:00,3.35,12359.0,Cyprus
502098,22447,PIN CUSHION RUSSIAN DOLL BLUE,6,2010-03-23 08:55:00,3.35,12359.0,Cyprus
502098,22359,GLASS JAR KINGS CHOICE,6,2010-03-23 08:55:00,2.95,12359.0,Cyprus
502098,22471,TV DINNER TRAY AIR HOSTESS ,3,2010-03-23 08:55:00,4.95,12359.0,Cyprus
502098,22453,MEASURING TAPE RUSSIAN DOLL BLUE,6,2010-03-23 08:55:00,2.95,12359.0,Cyprus
502111,22423,REGENCY CAKESTAND 3 TIER,32,2010-03-23 10:30:00,10.95,12455.0,Cyprus
502111,21733,RED HANGING HEART T-LIGHT HOLDER,64,2010-03-23 10:30:00,2.55,12455.0,Cyprus
502111,85123A,WHITE HANGING HEART T-LIGHT HOLDER,64,2010-03-23 10:30:00,2.55,12455.0,Cyprus
502111,21326,AGED GLASS SILVER T-LIGHT HOLDER,24,2010-03-23 10:30:00,0.65,12455.0,Cyprus
502111,84946,ANTIQUE SILVER TEA GLASS ETCHED,12,2010-03-23 10:30:00,1.25,12455.0,Cyprus
502111,84884A,ANT WHITE WIRE HEART SPIRAL,5,2010-03-23 10:30:00,3.95,12455.0,Cyprus
502111,22026,BANQUET BIRTHDAY  CARD  ,12,2010-03-23 10:30:00,0.42,12455.0,Cyprus
502111,21519,GIN & TONIC DIET GREETING CARD ,12,2010-03-23 10:30:00,0.42,12455.0,Cyprus
502111,22030,SWALLOWS GREETING CARD,12,2010-03-23 10:30:00,0.42,12455.0,Cyprus
502111,84247G,"DECOUPAGE,GREETING CARD,",12,2010-03-23 10:30:00,0.42,12455.0,Cyprus
502111,85015,SET OF 12  VINTAGE POSTCARD SET,6,2010-03-23 10:30:00,2.55,12455.0,Cyprus
502111,85016,SET OF 6 VINTAGE NOTELETS KIT,6,2010-03-23 10:30:00,2.55,12455.0,Cyprus
505236,22505,MEMO BOARD COTTAGE DESIGN,4,2010-04-21 10:58:00,4.95,12391.0,Cyprus
505236,22507,MEMO BOARD RETROSPOT  DESIGN,4,2010-04-21 10:58:00,4.95,12391.0,Cyprus
505236,22509,SEWING BOX RETROSPOT DESIGN ,4,2010-04-21 10:58:00,14.95,12391.0,Cyprus
505236,22485,SET OF 2 WOODEN MARKET CRATES,2,2010-04-21 10:58:00,12.75,12391.0,Cyprus
505236,22487,WHITE WOOD GARDEN PLANT LADDER,4,2010-04-21 10:58:00,8.5,12391.0,Cyprus
505236,21843,RETRO SPOT CAKE STAND,3,2010-04-21 10:58:00,10.95,12391.0,Cyprus
505236,21039,RED SPOTTY SHOPPING BAG,6,2010-04-21 10:58:00,2.55,12391.0,Cyprus
505236,21769,VINTAGE POST OFFICE CABINET,1,2010-04-21 10:58:00,79.95,12391.0,Cyprus
505236,21498,RED SPOTS  WRAP ,25,2010-04-21 10:58:00,0.42,12391.0,Cyprus
505236,85049B,LUSH GREENS RIBBONS,12,2010-04-21 10:58:00,1.25,12391.0,Cyprus
505236,85049D,BRIGHT BLUES RIBBONS ,12,2010-04-21 10:58:00,1.25,12391.0,Cyprus
505236,85049F,BABY BOOM RIBBONS ,12,2010-04-21 10:58:00,1.25,12391.0,Cyprus
505236,85049H,URBAN BLACK RIBBONS ,12,2010-04-21 10:58:00,1.25,12391.0,Cyprus
505236,22454,MEASURING TAPE RUSSIAN DOLL RED,6,2010-04-21 10:58:00,2.95,12391.0,Cyprus
505236,22449,SILK PURSE RUSSIAN DOLL PINK,6,2010-04-21 10:58:00,3.35,12391.0,Cyprus
505236,22450,SILK PURSE RUSSIAN DOLL BLUE,6,2010-04-21 10:58:00,3.35,12391.0,Cyprus
505236,21763,VINTAGE WOODEN BAR STOOL,4,2010-04-21 10:58:00,25.95,12391.0,Cyprus
505236,22295,HEART FILIGREE DOVE LARGE,12,2010-04-21 10:58:00,1.65,12391.0,Cyprus
505236,22296,HEART IVORY TRELLIS LARGE,12,2010-04-21 10:58:00,1.65,12391.0,Cyprus
505236,84792,ENCHANTED BIRD COATHANGER 5 HOOK,4,2010-04-21 10:58:00,4.65,12391.0,Cyprus
505236,22169,FAMILY ALBUM WHITE PICTURE FRAME,2,2010-04-21 10:58:00,8.5,12391.0,Cyprus
505236,22170,PICTURE FRAME WOOD TRIPLE PORTRAIT,4,2010-04-21 10:58:00,6.75,12391.0,Cyprus
505236,72728,ROSE SCENT CANDLES IN GLASS,9,2010-04-21 10:58:00,0.85,12391.0,Cyprus
505236,85232B,SET/3 RUSSIAN DOLL STACKING TINS,3,2010-04-21 10:58:00,4.95,12391.0,Cyprus
505236,21533,RETRO SPOT LARGE MILK JUG,3,2010-04-21 10:58:00,4.95,12391.0,Cyprus
505236,22354,RETRO SPOT PADDED SEAT CUSHION,10,2010-04-21 10:58:00,3.75,12391.0,Cyprus
505236,22343,PARTY PIZZA DISH RED WHITE SPOT ,12,2010-04-21 10:58:00,0.85,12391.0,Cyprus
505236,22344,PARTY PIZZA DISH PINK WHITE SPOT ,12,2010-04-21 10:58:00,0.85,12391.0,Cyprus
505236,22346,PARTY PIZZA DISH GREEN WHITE SPOT ,12,2010-04-21 10:58:00,0.85,12391.0,Cyprus
505236,22345,PARTY PIZZA DISH BLUE WHITE SPOT ,12,2010-04-21 10:58:00,0.85,12391.0,Cyprus
505236,21241,GREEN SPOTTY CUP,8,2010-04-21 10:58:00,0.85,12391.0,Cyprus
505236,22333,RETRO SPORT PARTY BAG + STICKER SET,8,2010-04-21 10:58:00,1.65,12391.0,Cyprus
505236,22352,LUNCHBOX WITH CUTLERY RETROSPOT ,6,2010-04-21 10:58:00,2.55,12391.0,Cyprus
505236,22090,PAPER BUNTING RETRO SPOTS,6,2010-04-21 10:58:00,2.95,12391.0,Cyprus
505236,85049C,ROMANTIC PINKS RIBBONS ,12,2010-04-21 10:58:00,1.25,12391.0,Cyprus
505236,22320,BIRDS MOBILE VINTAGE DESIGN,3,2010-04-21 10:58:00,5.95,12391.0,Cyprus
505236,20703,BLUE PADDED SOFT MOBILE,3,2010-04-21 10:58:00,4.25,12391.0,Cyprus
505236,22318,FIVE HEART HANGING DECORATION,6,2010-04-21 10:58:00,2.95,12391.0,Cyprus
505236,22423,REGENCY CAKESTAND 3 TIER,1,2010-04-21 10:58:00,12.75,12391.0,Cyprus
505236,22441,GROW YOUR OWN BASIL IN ENAMEL MUG,8,2010-04-21 10:58:00,2.1,12391.0,Cyprus
505236,22549,PICTURE DOMINOES,12,2010-04-21 10:58:00,1.45,12391.0,Cyprus
505236,22557,PLASTERS IN TIN VINTAGE PAISLEY ,12,2010-04-21 10:58:00,1.65,12391.0,Cyprus
505236,22561,WOODEN SCHOOL COLOURING SET,12,2010-04-21 10:58:00,1.65,12391.0,Cyprus
505236,22556,PLASTERS IN TIN CIRCUS PARADE ,12,2010-04-21 10:58:00,1.65,12391.0,Cyprus
505236,22522,CHILDS GARDEN FORK BLUE ,12,2010-04-21 10:58:00,0.85,12391.0,Cyprus
505236,22523,CHILDS GARDEN FORK PINK,12,2010-04-21 10:58:00,0.85,12391.0,Cyprus
505236,22520,CHILDS GARDEN TROWEL BLUE ,12,2010-04-21 10:58:00,0.85,12391.0,Cyprus
505236,22521,CHILDS GARDEN TROWEL PINK,12,2010-04-21 10:58:00,0.85,12391.0,Cyprus
505237,82482,WOODEN PICTURE FRAME WHITE FINISH,72,2010-04-21 10:59:00,2.1,12391.0,Cyprus
507880,37447,CERAMIC CAKE DESIGN SPOTTED PLATE,12,2010-05-11 15:03:00,1.49,12455.0,Cyprus
507880,37448,CERAMIC CAKE DESIGN SPOTTED MUG,12,2010-05-11 15:03:00,1.49,12455.0,Cyprus
507880,37449,CERAMIC CAKE STAND + HANGING CAKES,2,2010-05-11 15:03:00,9.95,12455.0,Cyprus
507880,47566B,TEA TIME PARTY BUNTING,5,2010-05-11 15:03:00,4.65,12455.0,Cyprus
507880,21210,SET OF 72 RETRO SPOT PAPER  DOILIES,12,2010-05-11 15:03:00,1.45,12455.0,Cyprus
507880,21531,RED RETROSPOT SUGAR JAM BOWL,6,2010-05-11 15:03:00,2.55,12455.0,Cyprus
507880,21535,RED RETROSPOT SMALL MILK JUG,6,2010-05-11 15:03:00,2.55,12455.0,Cyprus
507880,21527,RED RETROSPOT TRADITIONAL TEAPOT ,6,2010-05-11 15:03:00,7.95,12455.0,Cyprus
507880,84691,PACK 20 DOLLY PEGS,12,2010-05-11 15:03:00,0.85,12455.0,Cyprus
507880,21340,CLASSIC METAL BIRDCAGE PLANT HOLDER,16,2010-05-11 15:03:00,9.95,12455.0,Cyprus
507880,82494L,WOODEN FRAME ANTIQUE WHITE ,6,2010-05-11 15:03:00,2.95,12455.0,Cyprus
507880,21188,3D HEARTS  HONEYCOMB PAPER GARLAND,12,2010-05-11 15:03:00,2.95,12455.0,Cyprus
507880,21190,PINK HEARTS PAPER GARLAND,12,2010-05-11 15:03:00,1.65,12455.0,Cyprus
507880,22188,BLACK HEART CARD HOLDER,4,2010-05-11 15:03:00,3.95,12455.0,Cyprus
507880,22189,CREAM HEART CARD HOLDER,4,2010-05-11 15:03:00,3.95,12455.0,Cyprus
507880,84884A,ANT WHITE WIRE HEART SPIRAL,10,2010-05-11 15:03:00,3.95,12455.0,Cyprus
507880,47568,ENGLISH ROSE DESIGN PEG BAG,6,2010-05-11 15:03:00,2.1,12455.0,Cyprus
507880,POST,POSTAGE,1,2010-05-11 15:03:00,15.0,12455.0,Cyprus
513123,21864,UNION JACK FLAG PASSPORT COVER ,6,2010-06-22 10:24:00,2.1,12359.0,Cyprus
513123,35004C,SET OF 3 COLOURED  FLYING DUCKS,3,2010-06-22 10:24:00,5.45,12359.0,Cyprus
513123,22471,TV DINNER TRAY AIR HOSTESS ,6,2010-06-22 10:24:00,4.95,12359.0,Cyprus
513123,21527,RED RETROSPOT TRADITIONAL TEAPOT ,2,2010-06-22 10:24:00,7.95,12359.0,Cyprus
513123,35001G,HAND OPEN SHAPE GOLD,6,2010-06-22 10:24:00,4.25,12359.0,Cyprus
513123,82605,OLD DOC RUSSEL METAL SIGN,6,2010-06-22 10:24:00,2.1,12359.0,Cyprus
513123,82551,LAUNDRY 15C METAL SIGN,12,2010-06-22 10:24:00,1.25,12359.0,Cyprus
513123,21931,JUMBO STORAGE BAG SUKI,10,2010-06-22 10:24:00,1.95,12359.0,Cyprus
513123,22423,REGENCY CAKESTAND 3 TIER,6,2010-06-22 10:24:00,12.75,12359.0,Cyprus
513123,22624,IVORY KITCHEN SCALES,2,2010-06-22 10:24:00,8.5,12359.0,Cyprus
513123,22430,ENAMEL WATERING CAN CREAM,4,2010-06-22 10:24:00,4.95,12359.0,Cyprus
513123,22425,ENAMEL COLANDER CREAM,3,2010-06-22 10:24:00,4.95,12359.0,Cyprus
513123,22429,ENAMEL MEASURING JUG CREAM,4,2010-06-22 10:24:00,4.25,12359.0,Cyprus
513123,22428,ENAMEL FIRE BUCKET CREAM,6,2010-06-22 10:24:00,6.95,12359.0,Cyprus
513123,22427,ENAMEL FLOWER JUG CREAM,6,2010-06-22 10:24:00,5.95,12359.0,Cyprus
513123,22426,ENAMEL WASH BOWL CREAM,4,2010-06-22 10:24:00,3.75,12359.0,Cyprus
513123,22424,ENAMEL BREAD BIN CREAM,4,2010-06-22 10:24:00,12.75,12359.0,Cyprus
513123,22626,BLACK KITCHEN SCALES,2,2010-06-22 10:24:00,8.5,12359.0,Cyprus
513123,22625,RED KITCHEN SCALES,2,2010-06-22 10:24:00,8.5,12359.0,Cyprus
513123,22451,SILK PURSE RUSSIAN DOLL RED,6,2010-06-22 10:24:00,3.35,12359.0,Cyprus
520972,85231B,CINAMMON SET OF 9 T-LIGHTS,2,2010-09-01 12:38:00,0.85,12391.0,Cyprus
520972,22551,PLASTERS IN TIN SPACEBOY,1,2010-09-01 12:38:00,1.65,12391.0,Cyprus
520972,21122,SET/10 PINK SPOTTY PARTY CANDLES,1,2010-09-01 12:38:00,1.25,12391.0,Cyprus
520972,22411,JUMBO SHOPPER VINTAGE RED PAISLEY,1,2010-09-01 12:38:00,1.95,12391.0,Cyprus
520972,85123A,WHITE HANGING HEART T-LIGHT HOLDER,2,2010-09-01 12:38:00,2.95,12391.0,Cyprus
520972,21733,RED HANGING HEART T-LIGHT HOLDER,2,2010-09-01 12:38:00,2.95,12391.0,Cyprus
520972,84580,MOUSE TOY WITH PINK T-SHIRT,1,2010-09-01 12:38:00,3.75,12391.0,Cyprus
520972,84581,DOG TOY WITH PINK CROCHET SKIRT,2,2010-09-01 12:38:00,3.75,12391.0,Cyprus
520972,21499,BLUE SPOTS  WRAP,25,2010-09-01 12:38:00,0.42,12391.0,Cyprus
520972,21500,PINK SPOTS  WRAP ,25,2010-09-01 12:38:00,0.42,12391.0,Cyprus
520972,22199,FRYING PAN RED POLKADOT ,1,2010-09-01 12:38:00,4.25,12391.0,Cyprus
520972,22203,MILK PAN RED RETROSPOT,1,2010-09-01 12:38:00,3.75,12391.0,Cyprus
520972,84581,DOG TOY WITH PINK CROCHET SKIRT,1,2010-09-01 12:38:00,3.75,12391.0,Cyprus
520972,22198,LARGE POPCORN HOLDER ,2,2010-09-01 12:38:00,1.65,12391.0,Cyprus
520972,21584,RETRO SPOT SMALL TUBE MATCHES,1,2010-09-01 12:38:00,1.65,12391.0,Cyprus
520972,21124,SET/10 BLUE SPOTTY PARTY CANDLES,3,2010-09-01 12:38:00,1.25,12391.0,Cyprus
520972,21872,GLAMOROUS  MUG,1,2010-09-01 12:38:00,1.25,12391.0,Cyprus
520972,21122,SET/10 PINK SPOTTY PARTY CANDLES,2,2010-09-01 12:38:00,1.25,12391.0,Cyprus
520972,20950,SET/6  ANGEL T-LIGHTS WHITE/GOLD,2,2010-09-01 12:38:00,0.42,12391.0,Cyprus
520972,22349,DOG BOWL CHASING BALL DESIGN,1,2010-09-01 12:38:00,3.75,12391.0,Cyprus
520972,21485,RED SPOT HEART HOT WATER BOTTLE,1,2010-09-01 12:38:00,4.95,12391.0,Cyprus
520972,21739,COSY SLIPPER SHOES SMALL GREEN,1,2010-09-01 12:38:00,2.95,12391.0,Cyprus
520972,22469,HEART OF WICKER SMALL,1,2010-09-01 12:38:00,1.65,12391.0,Cyprus
520972,21733,RED HANGING HEART T-LIGHT HOLDER,2,2010-09-01 12:38:00,2.95,12391.0,Cyprus
520972,21754,HOME BUILDING BLOCK WORD,1,2010-09-01 12:38:00,5.95,12391.0,Cyprus
520972,22120,WELCOME  WOODEN BLOCK LETTERS,2,2010-09-01 12:38:00,9.95,12391.0,Cyprus
520972,22469,HEART OF WICKER SMALL,1,2010-09-01 12:38:00,1.65,12391.0,Cyprus
520972,22470,HEART OF WICKER LARGE,2,2010-09-01 12:38:00,2.95,12391.0,Cyprus
520972,85123A,WHITE HANGING HEART T-LIGHT HOLDER,4,2010-09-01 12:38:00,2.95,12391.0,Cyprus
520972,21733,RED HANGING HEART T-LIGHT HOLDER,2,2010-09-01 12:38:00,2.95,12391.0,Cyprus
520972,22497,SET OF 2 TINS VINTAGE BATHROOM ,1,2010-09-01 12:38:00,4.25,12391.0,Cyprus
520972,21201,TROPICAL  HONEYCOMB PAPER GARLAND ,1,2010-09-01 12:38:00,2.55,12391.0,Cyprus
520972,22627,MINT KITCHEN SCALES,1,2010-09-01 12:38:00,8.5,12391.0,Cyprus
520972,22625,RED KITCHEN SCALES,1,2010-09-01 12:38:00,8.5,12391.0,Cyprus
520972,85144,JARDIN ETCHED GLASS BUTTER DISH,1,2010-09-01 12:38:00,7.25,12391.0,Cyprus
520972,22635,CHILDS BREAKFAST SET DOLLY GIRL ,1,2010-09-01 12:38:00,9.95,12391.0,Cyprus
520972,22634,CHILDS BREAKFAST SET SPACEBOY ,1,2010-09-01 12:38:00,9.95,12391.0,Cyprus
520972,22425,ENAMEL COLANDER CREAM,2,2010-09-01 12:38:00,4.95,12391.0,Cyprus
520972,22429,ENAMEL MEASURING JUG CREAM,1,2010-09-01 12:38:00,4.25,12391.0,Cyprus
520972,21431,GREEN GINGHAM FLOWER JEWELLERY BOX,1,2010-09-01 12:38:00,1.65,12391.0,Cyprus
520972,22429,ENAMEL MEASURING JUG CREAM,1,2010-09-01 12:38:00,4.25,12391.0,Cyprus
520972,22173,METAL 4 HOOK HANGER FRENCH CHATEAU,2,2010-09-01 12:38:00,2.95,12391.0,Cyprus
520972,84881,BLUE WIRE SPIRAL CANDLE HOLDER,2,2010-09-01 12:38:00,6.35,12391.0,Cyprus
520972,22752,SET 7 BABUSHKA NESTING BOXES,2,2010-09-01 12:38:00,8.5,12391.0,Cyprus
520972,21429,RED GINGHAM ROSE JEWELLERY BOX,2,2010-09-01 12:38:00,1.65,12391.0,Cyprus
520972,84997D,PINK 3 PIECE MINI DOTS CUTLERY SET,5,2010-09-01 12:38:00,3.75,12391.0,Cyprus
520972,21431,GREEN GINGHAM FLOWER JEWELLERY BOX,1,2010-09-01 12:38:00,1.65,12391.0,Cyprus
520972,22592,CARDHOLDER HOLLY WREATH METAL,3,2010-09-01 12:38:00,3.75,12391.0,Cyprus
520972,22588,CARD HOLDER GINGHAM HEART,2,2010-09-01 12:38:00,2.55,12391.0,Cyprus
520972,22589,CARDHOLDER GINGHAM STAR,2,2010-09-01 12:38:00,2.55,12391.0,Cyprus
520972,22157,ANGEL DECORATION WITH LACE PADDED,3,2010-09-01 12:38:00,0.85,12391.0,Cyprus
520972,22161,HEART DECORATION RUSTIC HANGING ,4,2010-09-01 12:38:00,0.65,12391.0,Cyprus
520972,21843,RED RETROSPOT CAKE STAND,1,2010-09-01 12:38:00,10.95,12391.0,Cyprus
520972,22423,REGENCY CAKESTAND 3 TIER,1,2010-09-01 12:38:00,12.75,12391.0,Cyprus
520972,21121,SET/10 RED SPOTTY PARTY CANDLES,1,2010-09-01 12:38:00,1.25,12391.0,Cyprus
520972,21124,SET/10 BLUE SPOTTY PARTY CANDLES,1,2010-09-01 12:38:00,1.25,12391.0,Cyprus
520972,21123,SET/10 IVORY SPOTTY PARTY CANDLES,1,2010-09-01 12:38:00,1.25,12391.0,Cyprus
520972,21706,"FOLDING UMBRELLA , RED/WHITE SPOT",1,2010-09-01 12:38:00,4.95,12391.0,Cyprus
520972,22494,EMERGENCY FIRST AID TIN ,1,2010-09-01 12:38:00,1.25,12391.0,Cyprus
520972,21906,PHARMACIE FIRST AID TIN,1,2010-09-01 12:38:00,6.75,12391.0,Cyprus
520972,22361,GLASS JAR DAISY FRESH COTTON WOOL,1,2010-09-01 12:38:00,2.95,12391.0,Cyprus
520972,22362,GLASS JAR PEACOCK BATH SALTS,1,2010-09-01 12:38:00,2.95,12391.0,Cyprus
520972,22364,GLASS JAR DIGESTIVE BISCUITS,1,2010-09-01 12:38:00,2.95,12391.0,Cyprus
520972,22624,IVORY KITCHEN SCALES,1,2010-09-01 12:38:00,8.5,12391.0,Cyprus
520972,21200,MULTICOLOUR HONEYCOMB PAPER GARLAND,1,2010-09-01 12:38:00,1.65,12391.0,Cyprus
520972,22666,RECIPE BOX PANTRY YELLOW DESIGN,1,2010-09-01 12:38:00,2.95,12391.0,Cyprus
520972,37474,SET/4 2 TONE EGG SHAPE MIXING BOWLS,1,2010-09-01 12:38:00,9.95,12391.0,Cyprus
520972,22199,FRYING PAN RED POLKADOT ,1,2010-09-01 12:38:00,4.25,12391.0,Cyprus
520972,22203,MILK PAN RED RETROSPOT,1,2010-09-01 12:38:00,3.75,12391.0,Cyprus
520972,22198,LARGE POPCORN HOLDER ,1,2010-09-01 12:38:00,1.65,12391.0,Cyprus
520972,22197,SMALL POPCORN HOLDER,2,2010-09-01 12:38:00,0.85,12391.0,Cyprus
520972,21733,RED HANGING HEART T-LIGHT HOLDER,1,2010-09-01 12:38:00,2.95,12391.0,Cyprus
520972,85123A,WHITE HANGING HEART T-LIGHT HOLDER,1,2010-09-01 12:38:00,2.95,12391.0,Cyprus
520972,21741,COSY SLIPPER SHOES LARGE GREEN,2,2010-09-01 12:38:00,2.95,12391.0,Cyprus
520972,84596F,SMALL MARSHMALLOWS PINK BOWL,1,2010-09-01 12:38:00,1.25,12391.0,Cyprus
520972,84596E,SMALL LICORICE DES PINK BOWL,1,2010-09-01 12:38:00,1.25,12391.0,Cyprus
520972,84596B,SMALL DOLLY MIX DESIGN ORANGE BOWL,1,2010-09-01 12:38:00,1.25,12391.0,Cyprus
520972,84596K,JELLY BABIES YELLOW SMALL BOWL,1,2010-09-01 12:38:00,1.25,12391.0,Cyprus
520972,84596G,SMALL CHOCOLATES PINK BOWL,1,2010-09-01 12:38:00,1.25,12391.0,Cyprus
520972,84596J,MIXED NUTS LIGHT GREEN BOWL,1,2010-09-01 12:38:00,1.25,12391.0,Cyprus
520972,84596L,BISCUITS SMALL BOWL LIGHT BLUE,1,2010-09-01 12:38:00,1.25,12391.0,Cyprus
520972,22554,PLASTERS IN TIN WOODLAND ANIMALS,1,2010-09-01 12:38:00,1.65,12391.0,Cyprus
520972,22557,PLASTERS IN TIN VINTAGE PAISLEY ,1,2010-09-01 12:38:00,1.65,12391.0,Cyprus
521372,82482,WOODEN PICTURE FRAME WHITE FINISH,4,2010-09-05 11:42:00,2.55,13809.0,Cyprus
521372,21181,PLEASE ONE PERSON METAL SIGN,3,2010-09-05 11:42:00,2.1,13809.0,Cyprus
521372,84520B,PACK 20 ENGLISH ROSE PAPER NAPKINS,4,2010-09-05 11:42:00,0.85,13809.0,Cyprus
521372,22219,LOVEBIRD HANGING DECORATION WHITE ,12,2010-09-05 11:42:00,0.85,13809.0,Cyprus
521372,84680,CLASSICAL ROSE URN,1,2010-09-05 11:42:00,7.95,13809.0,Cyprus
521372,48194,DOORMAT HEARTS,2,2010-09-05 11:42:00,7.95,13809.0,Cyprus
521372,21524,DOORMAT SPOTTY HOME SWEET HOME,2,2010-09-05 11:42:00,7.95,13809.0,Cyprus
521372,21523,DOORMAT FANCY FONT HOME SWEET HOME,2,2010-09-05 11:42:00,7.95,13809.0,Cyprus
521372,85123A,WHITE HANGING HEART T-LIGHT HOLDER,14,2010-09-05 11:42:00,2.95,13809.0,Cyprus
523146,79000,MOROCCAN TEA GLASS,24,2010-09-20 14:39:00,0.85,12455.0,Cyprus
523146,21429,RED GINGHAM ROSE JEWELLERY BOX,8,2010-09-20 14:39:00,1.65,12455.0,Cyprus
523146,21431,GREEN GINGHAM FLOWER JEWELLERY BOX,8,2010-09-20 14:39:00,1.65,12455.0,Cyprus
523146,22173,METAL 4 HOOK HANGER FRENCH CHATEAU,8,2010-09-20 14:39:00,2.95,12455.0,Cyprus
523146,21166,COOK WITH WINE METAL SIGN ,12,2010-09-20 14:39:00,1.95,12455.0,Cyprus
523146,21175,GIN + TONIC DIET METAL SIGN,12,2010-09-20 14:39:00,2.1,12455.0,Cyprus
523146,85152,HAND OVER THE CHOCOLATE   SIGN ,12,2010-09-20 14:39:00,2.1,12455.0,Cyprus
523146,22699,ROSES REGENCY TEACUP AND SAUCER ,12,2010-09-20 14:39:00,2.95,12455.0,Cyprus
523146,22698,PINK REGENCY TEACUP AND SAUCER,12,2010-09-20 14:39:00,2.95,12455.0,Cyprus
523146,22697,GREEN REGENCY TEACUP AND SAUCER,12,2010-09-20 14:39:00,2.95,12455.0,Cyprus
523146,15039,SANDALWOOD FAN,30,2010-09-20 14:39:00,0.85,12455.0,Cyprus
523146,85230B,CINNAMON SCENTED VOTIVE CANDLE,24,2010-09-20 14:39:00,0.29,12455.0,Cyprus
523146,85230F,JASMINE VOTIVE CANDLE,24,2010-09-20 14:39:00,0.29,12455.0,Cyprus
523146,21908,CHOCOLATE THIS WAY METAL SIGN,12,2010-09-20 14:39:00,2.1,12455.0,Cyprus
523146,37448,CERAMIC CAKE DESIGN SPOTTED MUG,24,2010-09-20 14:39:00,1.49,12455.0,Cyprus
523146,85123A,WHITE HANGING HEART T-LIGHT HOLDER,32,2010-09-20 14:39:00,2.55,12455.0,Cyprus
523146,37447,CERAMIC CAKE DESIGN SPOTTED PLATE,24,2010-09-20 14:39:00,1.49,12455.0,Cyprus
523146,POST,POSTAGE,1,2010-09-20 14:39:00,15.0,12455.0,Cyprus
526174,22668,PINK BABY BUNTING,5,2010-10-10 11:16:00,2.95,12359.0,Cyprus
526174,22365,DOORMAT RESPECTABLE HOUSE,2,2010-10-10 11:16:00,7.49,12359.0,Cyprus
526174,21907,I'M ON HOLIDAY METAL SIGN,12,2010-10-10 11:16:00,2.1,12359.0,Cyprus
526174,22109,FULL ENGLISH BREAKFAST PLATE,8,2010-10-10 11:16:00,3.75,12359.0,Cyprus
526174,22630,DOLLY GIRL LUNCH BOX,12,2010-10-10 11:16:00,1.95,12359.0,Cyprus
526174,22629,SPACEBOY LUNCH BOX ,12,2010-10-10 11:16:00,1.95,12359.0,Cyprus
526174,21667,GLASS CAKE COVER AND PLATE,1,2010-10-10 11:16:00,16.95,12359.0,Cyprus
526174,21358,TOAST ITS - HAPPY BIRTHDAY,12,2010-10-10 11:16:00,1.25,12359.0,Cyprus
526174,22072,RED RETROSPOT TEA CUP AND SAUCER ,8,2010-10-10 11:16:00,3.75,12359.0,Cyprus
526174,85049H,URBAN BLACK RIBBONS ,12,2010-10-10 11:16:00,1.25,12359.0,Cyprus
526174,21889,WOODEN BOX OF DOMINOES,12,2010-10-10 11:16:00,1.25,12359.0,Cyprus
526174,22468,BABUSHKA LIGHTS STRING OF 10,2,2010-10-10 11:16:00,6.75,12359.0,Cyprus
526174,22120,WELCOME  WOODEN BLOCK LETTERS,3,2010-10-10 11:16:00,9.95,12359.0,Cyprus
526174,21272,SALLE DE BAIN HOOK,12,2010-10-10 11:16:00,1.25,12359.0,Cyprus
526174,84792,ENCHANTED BIRD COATHANGER 5 HOOK,4,2010-10-10 11:16:00,4.65,12359.0,Cyprus
526174,82484,WOOD BLACK BOARD ANT WHITE FINISH,3,2010-10-10 11:16:00,6.45,12359.0,Cyprus
526174,22677,"FRENCH BLUE METAL DOOR SIGN, 2",10,2010-10-10 11:16:00,1.25,12359.0,Cyprus
526174,22676,"FRENCH BLUE METAL DOOR SIGN, 1",10,2010-10-10 11:16:00,1.25,12359.0,Cyprus
526174,22699,ROSES REGENCY TEACUP AND SAUCER ,6,2010-10-10 11:16:00,2.95,12359.0,Cyprus
526174,22698,PINK REGENCY TEACUP AND SAUCER,6,2010-10-10 11:16:00,2.95,12359.0,Cyprus
526174,22697,GREEN REGENCY TEACUP AND SAUCER,6,2010-10-10 11:16:00,2.95,12359.0,Cyprus
526174,22423,REGENCY CAKESTAND 3 TIER,3,2010-10-10 11:16:00,12.75,12359.0,Cyprus
526174,22686,"FRENCH BLUE METAL DOOR SIGN, No",12,2010-10-10 11:16:00,1.25,12359.0,Cyprus
526174,22685,"FRENCH BLUE METAL DOOR SIGN, 0",10,2010-10-10 11:16:00,1.25,12359.0,Cyprus
526174,22684,"FRENCH BLUE METAL DOOR SIGN, 9",10,2010-10-10 11:16:00,1.25,12359.0,Cyprus
526174,22683,"FRENCH BLUE METAL DOOR SIGN, 8",10,2010-10-10 11:16:00,1.25,12359.0,Cyprus
526174,22682,"FRENCH BLUE METAL DOOR SIGN, 7",10,2010-10-10 11:16:00,1.25,12359.0,Cyprus
526174,22681,"FRENCH BLUE METAL DOOR SIGN, 6",10,2010-10-10 11:16:00,1.25,12359.0,Cyprus
526174,22680,"FRENCH BLUE METAL DOOR SIGN, 5",10,2010-10-10 11:16:00,1.25,12359.0,Cyprus
526174,22679,"FRENCH BLUE METAL DOOR SIGN, 4",10,2010-10-10 11:16:00,1.25,12359.0,Cyprus
526174,22678,"FRENCH BLUE METAL DOOR SIGN, 3",10,2010-10-10 11:16:00,1.25,12359.0,Cyprus
531844,84795B,SUNSET CHECK HAMMOCK,6,2010-11-10 09:35:00,7.95,13809.0,Cyprus
531844,21922,UNION STRIPE WITH FRINGE  HAMMOCK,6,2010-11-10 09:35:00,7.95,13809.0,Cyprus
531844,47480,HANGING PHOTO CLIP ROPE LADDER,192,2010-11-10 09:35:00,1.45,13809.0,Cyprus
531844,21463,MIRRORED DISCO BALL ,4,2010-11-10 09:35:00,5.95,13809.0,Cyprus
538826,85123A,WHITE HANGING HEART T-LIGHT HOLDER,64,2010-12-14 12:58:00,2.55,12370.0,Cyprus
538826,21031,SPACE CADET BLACK,10,2010-12-14 12:58:00,1.25,12370.0,Cyprus
538826,21026,SPACE OWL,10,2010-12-14 12:58:00,1.25,12370.0,Cyprus
538826,21025,SPACE FROG,10,2010-12-14 12:58:00,1.25,12370.0,Cyprus
538826,21032,SPACE CADET WHITE,10,2010-12-14 12:58:00,1.25,12370.0,Cyprus
538826,21030,SPACE CADET RED,10,2010-12-14 12:58:00,1.25,12370.0,Cyprus
538826,21027,NINJA RABBIT PINK,10,2010-12-14 12:58:00,1.25,12370.0,Cyprus
538826,22804,CANDLEHOLDER PINK HANGING HEART,9,2010-12-14 12:58:00,2.95,12370.0,Cyprus
538826,21733,RED HANGING HEART T-LIGHT HOLDER,16,2010-12-14 12:58:00,2.95,12370.0,Cyprus
538826,20846,ZINC HEART LATTICE T-LIGHT HOLDER,20,2010-12-14 12:58:00,1.25,12370.0,Cyprus
538826,20972,PINK CREAM FELT CRAFT TRINKET BOX ,2,2010-12-14 12:58:00,1.25,12370.0,Cyprus
538826,22749,FELTCRAFT PRINCESS CHARLOTTE DOLL,1,2010-12-14 12:58:00,3.75,12370.0,Cyprus
538826,22749,FELTCRAFT PRINCESS CHARLOTTE DOLL,1,2010-12-14 12:58:00,3.75,12370.0,Cyprus
538826,22274,FELTCRAFT DOLL EMILY,1,2010-12-14 12:58:00,2.95,12370.0,Cyprus
538826,22272,FELTCRAFT DOLL MARIA,1,2010-12-14 12:58:00,2.95,12370.0,Cyprus
538826,22751,FELTCRAFT PRINCESS OLIVIA DOLL,2,2010-12-14 12:58:00,3.75,12370.0,Cyprus
538826,22569,FELTCRAFT CUSHION BUTTERFLY,2,2010-12-14 12:58:00,3.75,12370.0,Cyprus
538826,22568,FELTCRAFT CUSHION OWL,2,2010-12-14 12:58:00,3.75,12370.0,Cyprus
538826,20970,PINK FLORAL FELTCRAFT SHOULDER BAG,1,2010-12-14 12:58:00,3.75,12370.0,Cyprus
538826,20969,RED FLORAL FELTCRAFT SHOULDER BAG,1,2010-12-14 12:58:00,3.75,12370.0,Cyprus
538826,20967,GREY FLORAL FELTCRAFT SHOULDER BAG,1,2010-12-14 12:58:00,3.75,12370.0,Cyprus
538826,22150,3 STRIPEY MICE FELTCRAFT,3,2010-12-14 12:58:00,1.95,12370.0,Cyprus
538826,22149,FELTCRAFT 6 FLOWER FRIENDS,3,2010-12-14 12:58:00,2.1,12370.0,Cyprus
538826,22147,FELTCRAFT BUTTERFLY HEARTS,4,2010-12-14 12:58:00,1.45,12370.0,Cyprus
538826,22270,HAPPY EASTER HANGING DECORATION,13,2010-12-14 12:58:00,3.75,12370.0,Cyprus
538826,72741,GRAND CHOCOLATECANDLE,18,2010-12-14 12:58:00,1.45,12370.0,Cyprus
538826,47566,PARTY BUNTING,1,2010-12-14 12:58:00,4.65,12370.0,Cyprus
538826,47590B,PINK HAPPY BIRTHDAY BUNTING,1,2010-12-14 12:58:00,5.45,12370.0,Cyprus
538826,47590A,BLUE HAPPY BIRTHDAY BUNTING,2,2010-12-14 12:58:00,5.45,12370.0,Cyprus
538826,21326,AGED GLASS SILVER T-LIGHT HOLDER,24,2010-12-14 12:58:00,0.65,12370.0,Cyprus
538826,22214,CANDLE PLATE LACE WHITE,24,2010-12-14 12:58:00,2.55,12370.0,Cyprus
538826,22465,HANGING METAL STAR LANTERN,12,2010-12-14 12:58:00,1.65,12370.0,Cyprus
538826,22784,LANTERN CREAM GAZEBO ,9,2010-12-14 12:58:00,4.95,12370.0,Cyprus
538826,22291,HANGING CHICK CREAM DECORATION,24,2010-12-14 12:58:00,1.45,12370.0,Cyprus
538826,85195,HANGING HEART BASKET,8,2010-12-14 12:58:00,2.1,12370.0,Cyprus
538826,21357,TOAST ITS - DINOSAUR,2,2010-12-14 12:58:00,1.25,12370.0,Cyprus
538826,21356,TOAST ITS - FAIRY FLOWER,1,2010-12-14 12:58:00,1.25,12370.0,Cyprus
538826,21355,TOAST ITS - I LOVE YOU ,1,2010-12-14 12:58:00,1.25,12370.0,Cyprus
538826,21358,TOAST ITS - HAPPY BIRTHDAY,5,2010-12-14 12:58:00,1.25,12370.0,Cyprus
538826,20974,12 PENCILS SMALL TUBE SKULL,6,2010-12-14 12:58:00,0.65,12370.0,Cyprus
538826,22070,SMALL RED RETROSPOT MUG IN BOX ,5,2010-12-14 12:58:00,3.75,12370.0,Cyprus
538826,22071,SMALL WHITE RETROSPOT MUG IN BOX ,5,2010-12-14 12:58:00,3.75,12370.0,Cyprus
538826,35961,FOLKART ZINC HEART CHRISTMAS DEC,12,2010-12-14 12:58:00,0.85,12370.0,Cyprus
538826,22294,HEART FILIGREE DOVE  SMALL,48,2010-12-14 12:58:00,1.25,12370.0,Cyprus
538826,21683,MEDIUM MEDINA STAMPED METAL BOWL ,6,2010-12-14 12:58:00,2.95,12370.0,Cyprus
538826,21684,SMALL MEDINA STAMPED METAL BOWL ,24,2010-12-14 12:58:00,0.85,12370.0,Cyprus
538826,22297,HEART IVORY TRELLIS SMALL,48,2010-12-14 12:58:00,1.25,12370.0,Cyprus
538826,22335,HEART DECORATION PAINTED ZINC ,96,2010-12-14 12:58:00,0.65,12370.0,Cyprus
538826,22296,HEART IVORY TRELLIS LARGE,24,2010-12-14 12:58:00,1.65,12370.0,Cyprus
538826,20961,STRAWBERRY BATH SPONGE ,10,2010-12-14 12:58:00,1.25,12370.0,Cyprus
538826,20963,APPLE BATH SPONGE,10,2010-12-14 12:58:00,1.25,12370.0,Cyprus
538826,20966,SANDWICH BATH SPONGE,10,2010-12-14 12:58:00,1.25,12370.0,Cyprus
538826,18097C,WHITE TALL PORCELAIN T-LIGHT HOLDER,5,2010-12-14 12:58:00,2.55,12370.0,Cyprus
538826,22083,PAPER CHAIN KIT RETROSPOT,1,2010-12-14 12:58:00,2.95,12370.0,Cyprus
538826,22085,PAPER CHAIN KIT SKULLS ,1,2010-12-14 12:58:00,2.95,12370.0,Cyprus
538826,22088,PAPER BUNTING COLOURED LACE,1,2010-12-14 12:58:00,2.95,12370.0,Cyprus
538826,21207,SKULL AND CROSSBONES  GARLAND ,1,2010-12-14 12:58:00,1.65,12370.0,Cyprus
538826,22087,PAPER BUNTING WHITE LACE,1,2010-12-14 12:58:00,2.95,12370.0,Cyprus
538826,21188,3D HEARTS  HONEYCOMB PAPER GARLAND,1,2010-12-14 12:58:00,2.95,12370.0,Cyprus
538826,20707,CRAZY DAISY HEART DECORATION,1,2010-12-14 12:58:00,1.25,12370.0,Cyprus
538826,47574A,ENGLISH ROSE SCENTED HANGING FLOWER,1,2010-12-14 12:58:00,4.25,12370.0,Cyprus
538826,22582,PACK OF 6 SWEETIE GIFT BOXES,6,2010-12-14 12:58:00,2.55,12370.0,Cyprus
538826,21189,WHITE HONEYCOMB PAPER GARLAND ,2,2010-12-14 12:58:00,1.65,12370.0,Cyprus
538826,21231,SWEETHEART CERAMIC TRINKET BOX,8,2010-12-14 12:58:00,1.25,12370.0,Cyprus
538826,35924,HANGING FAIRY CAKE DECORATION,10,2010-12-14 12:58:00,2.1,12370.0,Cyprus
538826,21106,CREAM SLICE FLANNEL CHOCOLATE SPOT ,3,2010-12-14 12:58:00,2.95,12370.0,Cyprus
538826,21110,LARGE CAKE TOWEL PINK SPOTS,6,2010-12-14 12:58:00,6.75,12370.0,Cyprus
538826,21109,LARGE CAKE TOWEL CHOCOLATE SPOTS,3,2010-12-14 12:58:00,6.75,12370.0,Cyprus
538826,21232,STRAWBERRY CERAMIC TRINKET BOX,18,2010-12-14 12:58:00,1.25,12370.0,Cyprus
538826,85194L,HANGING SPRING FLOWER EGG LARGE,36,2010-12-14 12:58:00,0.85,12370.0,Cyprus
538826,21107,CREAM SLICE FLANNEL PINK SPOT ,24,2010-12-14 12:58:00,2.55,12370.0,Cyprus
538826,84879,ASSORTED COLOUR BIRD ORNAMENT,24,2010-12-14 12:58:00,1.69,12370.0,Cyprus
538826,21385,IVORY HANGING DECORATION  HEART,24,2010-12-14 12:58:00,0.85,12370.0,Cyprus
538826,21111,"SWISS ROLL TOWEL, CHOCOLATE  SPOTS",12,2010-12-14 12:58:00,2.95,12370.0,Cyprus
538826,22746,POPPY'S PLAYHOUSE LIVINGROOM ,1,2010-12-14 12:58:00,2.1,12370.0,Cyprus
538826,22745,POPPY'S PLAYHOUSE BEDROOM ,1,2010-12-14 12:58:00,2.1,12370.0,Cyprus
538826,22747,POPPY'S PLAYHOUSE BATHROOM,1,2010-12-14 12:58:00,2.1,12370.0,Cyprus
538826,22748,POPPY'S PLAYHOUSE KITCHEN,1,2010-12-14 12:58:00,2.1,12370.0,Cyprus
538826,21112,"SWISS ROLL TOWEL, PINK  SPOTS",12,2010-12-14 12:58:00,2.95,12370.0,Cyprus
538826,21381,MINI WOODEN HAPPY BIRTHDAY GARLAND,24,2010-12-14 12:58:00,1.69,12370.0,Cyprus
538826,21390,FILIGRIS HEART WITH BUTTERFLY,24,2010-12-14 12:58:00,1.25,12370.0,Cyprus
538826,21108,FAIRY CAKE FLANNEL ASSORTED COLOUR,9,2010-12-14 12:58:00,2.55,12370.0,Cyprus
538826,21380,WOODEN HAPPY BIRTHDAY GARLAND,12,2010-12-14 12:58:00,2.95,12370.0,Cyprus
540946,22511,RETROSPOT BABUSHKA DOORSTOP,8,2011-01-12 12:43:00,1.25,12359.0,Cyprus
540946,22510,GINGHAM BABUSHKA DOORSTOP,8,2011-01-12 12:43:00,1.25,12359.0,Cyprus
540946,22656,VINTAGE BLUE KITCHEN CABINET,1,2011-01-12 12:43:00,125.0,12359.0,Cyprus
540946,22720,SET OF 3 CAKE TINS PANTRY DESIGN ,3,2011-01-12 12:43:00,4.95,12359.0,Cyprus
540946,22721,SET OF 3 CAKE TINS SKETCHBOOK,3,2011-01-12 12:43:00,4.95,12359.0,Cyprus
540946,22666,RECIPE BOX PANTRY YELLOW DESIGN,6,2011-01-12 12:43:00,2.95,12359.0,Cyprus
540946,82484,WOOD BLACK BOARD ANT WHITE FINISH,12,2011-01-12 12:43:00,5.55,12359.0,Cyprus
540946,22423,REGENCY CAKESTAND 3 TIER,6,2011-01-12 12:43:00,12.75,12359.0,Cyprus
540946,20704,MR ROBOT SOFT TOY,8,2011-01-12 12:43:00,1.95,12359.0,Cyprus
540946,82613B,"METAL SIGN,CUPCAKE SINGLE HOOK",20,2011-01-12 12:43:00,0.42,12359.0,Cyprus
540946,85054,FRENCH ENAMEL POT W LID,12,2011-01-12 12:43:00,1.25,12359.0,Cyprus
540946,82613C,"METAL SIGN,CUPCAKE SINGLE HOOK",20,2011-01-12 12:43:00,0.42,12359.0,Cyprus
540946,20705,MRS ROBOT SOFT TOY,8,2011-01-12 12:43:00,1.95,12359.0,Cyprus
540946,22471,TV DINNER TRAY AIR HOSTESS ,8,2011-01-12 12:43:00,1.95,12359.0,Cyprus
540946,82613D,METAL SIGN CUPCAKE SINGLE HOOK,20,2011-01-12 12:43:00,0.42,12359.0,Cyprus
540946,22655,VINTAGE RED KITCHEN CABINET,1,2011-01-12 12:43:00,125.0,12359.0,Cyprus
543350,84823,DANISH ROSE FOLDING CHAIR,1,2011-02-07 13:15:00,7.95,13809.0,Cyprus
543350,22423,REGENCY CAKESTAND 3 TIER,1,2011-02-07 13:15:00,12.75,13809.0,Cyprus
543350,37449,CERAMIC CAKE STAND + HANGING CAKES,1,2011-02-07 13:15:00,9.95,13809.0,Cyprus
543350,22660,DOORMAT I LOVE LONDON,1,2011-02-07 13:15:00,7.95,13809.0,Cyprus
543350,48185,DOORMAT FAIRY CAKE,1,2011-02-07 13:15:00,7.95,13809.0,Cyprus
543350,22804,CANDLEHOLDER PINK HANGING HEART,4,2011-02-07 13:15:00,2.95,13809.0,Cyprus
543350,22804,CANDLEHOLDER PINK HANGING HEART,5,2011-02-07 13:15:00,2.95,13809.0,Cyprus
543350,22200,FRYING PAN PINK POLKADOT,1,2011-02-07 13:15:00,4.25,13809.0,Cyprus
543350,21340,CLASSIC METAL BIRDCAGE PLANT HOLDER,3,2011-02-07 13:15:00,12.75,13809.0,Cyprus
543350,22221,CAKE STAND LOVEBIRD 2 TIER PINK,1,2011-02-07 13:15:00,9.95,13809.0,Cyprus
543350,85123A,WHITE HANGING HEART T-LIGHT HOLDER,8,2011-02-07 13:15:00,2.95,13809.0,Cyprus
543350,82494L,WOODEN FRAME ANTIQUE WHITE ,2,2011-02-07 13:15:00,2.95,13809.0,Cyprus
543370,22692,DOORMAT WELCOME TO OUR HOME,2,2011-02-07 14:51:00,7.95,12359.0,Cyprus
543370,22918,HERB MARKER PARSLEY,12,2011-02-07 14:51:00,0.65,12359.0,Cyprus
543370,21912,VINTAGE SNAKES & LADDERS,4,2011-02-07 14:51:00,3.75,12359.0,Cyprus
543370,21754,HOME BUILDING BLOCK WORD,3,2011-02-07 14:51:00,5.95,12359.0,Cyprus
543370,21755,LOVE BUILDING BLOCK WORD,3,2011-02-07 14:51:00,5.95,12359.0,Cyprus
543370,21756,BATH BUILDING BLOCK WORD,3,2011-02-07 14:51:00,5.95,12359.0,Cyprus
543370,22917,HERB MARKER ROSEMARY,12,2011-02-07 14:51:00,0.65,12359.0,Cyprus
543370,22919,HERB MARKER MINT,12,2011-02-07 14:51:00,0.65,12359.0,Cyprus
543370,22920,HERB MARKER BASIL,12,2011-02-07 14:51:00,0.65,12359.0,Cyprus
543370,22709,WRAP WEDDING DAY,25,2011-02-07 14:51:00,0.42,12359.0,Cyprus
543370,23230,WRAP ALPHABET DESIGN,25,2011-02-07 14:51:00,0.42,12359.0,Cyprus
543370,22411,JUMBO SHOPPER VINTAGE RED PAISLEY,10,2011-02-07 14:51:00,1.95,12359.0,Cyprus
543370,22827,RUSTIC  SEVENTEEN DRAWER SIDEBOARD,2,2011-02-07 14:51:00,145.0,12359.0,Cyprus
543370,22722,SET OF 6 SPICE TINS PANTRY DESIGN,4,2011-02-07 14:51:00,3.95,12359.0,Cyprus
543370,22914,BLUE COAT RACK PARIS FASHION,3,2011-02-07 14:51:00,4.95,12359.0,Cyprus
543370,22912,YELLOW COAT RACK PARIS FASHION,3,2011-02-07 14:51:00,4.95,12359.0,Cyprus
543370,22385,JUMBO BAG SPACEBOY DESIGN,10,2011-02-07 14:51:00,1.95,12359.0,Cyprus
543370,22555,PLASTERS IN TIN STRONGMAN,12,2011-02-07 14:51:00,1.65,12359.0,Cyprus
543370,22556,PLASTERS IN TIN CIRCUS PARADE ,12,2011-02-07 14:51:00,1.65,12359.0,Cyprus
543370,22652,TRAVEL SEWING KIT,10,2011-02-07 14:51:00,1.65,12359.0,Cyprus
543370,22494,EMERGENCY FIRST AID TIN ,12,2011-02-07 14:51:00,1.25,12359.0,Cyprus
543370,22659,LUNCH BOX I LOVE LONDON,12,2011-02-07 14:51:00,1.95,12359.0,Cyprus
543370,22616,PACK OF 12 LONDON TISSUES ,24,2011-02-07 14:51:00,0.29,12359.0,Cyprus
543370,48185,DOORMAT FAIRY CAKE,2,2011-02-07 14:51:00,7.95,12359.0,Cyprus
543370,22960,JAM MAKING SET WITH JARS,6,2011-02-07 14:51:00,4.25,12359.0,Cyprus
543370,22961,JAM MAKING SET PRINTED,12,2011-02-07 14:51:00,1.45,12359.0,Cyprus
543370,22665,RECIPE BOX BLUE SKETCHBOOK DESIGN,6,2011-02-07 14:51:00,2.95,12359.0,Cyprus
543370,22776,SWEETHEART CAKESTAND 3 TIER,4,2011-02-07 14:51:00,9.95,12359.0,Cyprus
543370,22799,SWEETHEART WIRE FRUIT BOWL,4,2011-02-07 14:51:00,8.5,12359.0,Cyprus
543370,22858,EASTER TIN KEEPSAKE,6,2011-02-07 14:51:00,1.65,12359.0,Cyprus
543370,22860,EASTER TIN CHICKS PINK DAISY,6,2011-02-07 14:51:00,1.65,12359.0,Cyprus
543370,22900, SET 2 TEA TOWELS I LOVE LONDON ,6,2011-02-07 14:51:00,2.95,12359.0,Cyprus
543370,22916,HERB MARKER THYME,12,2011-02-07 14:51:00,0.65,12359.0,Cyprus
543370,21745,GAOLERS KEYS DECORATIVE GARDEN ,4,2011-02-07 14:51:00,3.75,12359.0,Cyprus
543370,21781,MA CAMPAGNE CUTLERY BOX,1,2011-02-07 14:51:00,14.95,12359.0,Cyprus
543370,22472,TV DINNER TRAY DOLLY GIRL,3,2011-02-07 14:51:00,4.95,12359.0,Cyprus
543370,22838,3 TIER CAKE TIN RED AND CREAM,2,2011-02-07 14:51:00,14.95,12359.0,Cyprus
543370,22840,ROUND CAKE TIN VINTAGE RED,2,2011-02-07 14:51:00,7.95,12359.0,Cyprus
543370,22841,ROUND CAKE TIN VINTAGE GREEN,2,2011-02-07 14:51:00,7.95,12359.0,Cyprus
543370,22844,VINTAGE CREAM DOG FOOD CONTAINER,2,2011-02-07 14:51:00,8.5,12359.0,Cyprus
543370,22845,VINTAGE CREAM CAT FOOD CONTAINER,2,2011-02-07 14:51:00,6.35,12359.0,Cyprus
543370,22852,DOG BOWL VINTAGE CREAM,4,2011-02-07 14:51:00,4.25,12359.0,Cyprus
543370,22853,CAT BOWL VINTAGE CREAM,6,2011-02-07 14:51:00,3.25,12359.0,Cyprus
543370,22839,3 TIER CAKE TIN GREEN AND CREAM,2,2011-02-07 14:51:00,14.95,12359.0,Cyprus
543370,35241,ENAMEL BLUE RIM BISCUIT BIN,3,2011-02-07 14:51:00,4.95,12359.0,Cyprus
543370,22636,CHILDS BREAKFAST SET CIRCUS PARADE,2,2011-02-07 14:51:00,8.5,12359.0,Cyprus
543370,21790,VINTAGE SNAP CARDS,12,2011-02-07 14:51:00,0.85,12359.0,Cyprus
543370,22623,BOX OF VINTAGE JIGSAW BLOCKS ,3,2011-02-07 14:51:00,4.95,12359.0,Cyprus
543370,22192,BLUE DINER WALL CLOCK,2,2011-02-07 14:51:00,8.5,12359.0,Cyprus
543370,22193,RED DINER WALL CLOCK,2,2011-02-07 14:51:00,8.5,12359.0,Cyprus
543370,22846,BREAD BIN DINER STYLE RED ,2,2011-02-07 14:51:00,16.95,12359.0,Cyprus
543370,22847,BREAD BIN DINER STYLE IVORY,2,2011-02-07 14:51:00,16.95,12359.0,Cyprus
543370,22849,BREAD BIN DINER STYLE MINT,2,2011-02-07 14:51:00,16.95,12359.0,Cyprus
543370,22474,SPACEBOY TV DINNER TRAY,3,2011-02-07 14:51:00,4.95,12359.0,Cyprus
543370,21931,JUMBO STORAGE BAG SUKI,10,2011-02-07 14:51:00,1.95,12359.0,Cyprus
543370,22896,PEG BAG APPLES DESIGN,6,2011-02-07 14:51:00,2.55,12359.0,Cyprus
543370,22627,MINT KITCHEN SCALES,2,2011-02-07 14:51:00,8.5,12359.0,Cyprus
543370,22625,RED KITCHEN SCALES,2,2011-02-07 14:51:00,8.5,12359.0,Cyprus
543370,22626,BLACK KITCHEN SCALES,2,2011-02-07 14:51:00,8.5,12359.0,Cyprus
543370,22624,IVORY KITCHEN SCALES,2,2011-02-07 14:51:00,8.5,12359.0,Cyprus
543370,22788,BROCANTE COAT RACK,1,2011-02-07 14:51:00,9.95,12359.0,Cyprus
543370,22501,PICNIC BASKET WICKER LARGE,2,2011-02-07 14:51:00,9.95,12359.0,Cyprus
543370,22502,PICNIC BASKET WICKER SMALL,4,2011-02-07 14:51:00,5.95,12359.0,Cyprus
543370,22476,EMPIRE UNION JACK TV DINNER TRAY,3,2011-02-07 14:51:00,4.95,12359.0,Cyprus
543370,22207,FRYING PAN UNION FLAG,4,2011-02-07 14:51:00,4.25,12359.0,Cyprus
543370,22666,RECIPE BOX PANTRY YELLOW DESIGN,6,2011-02-07 14:51:00,2.95,12359.0,Cyprus
543370,22963,JAM JAR WITH GREEN LID,12,2011-02-07 14:51:00,0.85,12359.0,Cyprus
543370,22962,JAM JAR WITH PINK LID,12,2011-02-07 14:51:00,0.85,12359.0,Cyprus
543370,22699,ROSES REGENCY TEACUP AND SAUCER ,6,2011-02-07 14:51:00,2.95,12359.0,Cyprus
543370,22697,GREEN REGENCY TEACUP AND SAUCER,6,2011-02-07 14:51:00,2.95,12359.0,Cyprus
543370,22567,20 DOLLY PEGS RETROSPOT,12,2011-02-07 14:51:00,1.25,12359.0,Cyprus
543370,47566,PARTY BUNTING,5,2011-02-07 14:51:00,4.65,12359.0,Cyprus
543370,22199,FRYING PAN RED RETROSPOT,4,2011-02-07 14:51:00,4.25,12359.0,Cyprus
543370,22927,GREEN GIANT GARDEN THERMOMETER,2,2011-02-07 14:51:00,5.95,12359.0,Cyprus
543370,22925,BLUE GIANT GARDEN THERMOMETER,2,2011-02-07 14:51:00,5.95,12359.0,Cyprus
543370,21054,NURSE'S BAG SOFT TOY,1,2011-02-07 14:51:00,8.95,12359.0,Cyprus
543370,21056,DOCTOR'S BAG SOFT TOY,1,2011-02-07 14:51:00,8.95,12359.0,Cyprus
543370,22926,IVORY GIANT GARDEN THERMOMETER,2,2011-02-07 14:51:00,5.95,12359.0,Cyprus
543370,22656,VINTAGE BLUE KITCHEN CABINET,1,2011-02-07 14:51:00,125.0,12359.0,Cyprus
543370,22655,VINTAGE RED KITCHEN CABINET,1,2011-02-07 14:51:00,125.0,12359.0,Cyprus
544097,22914,BLUE COAT RACK PARIS FASHION,3,2011-02-16 09:56:00,4.95,12455.0,Cyprus
544097,22913,RED COAT RACK PARIS FASHION,3,2011-02-16 09:56:00,4.95,12455.0,Cyprus
544097,22804,CANDLEHOLDER PINK HANGING HEART,32,2011-02-16 09:56:00,2.55,12455.0,Cyprus
544097,71459,HANGING JAM JAR T-LIGHT HOLDER,96,2011-02-16 09:56:00,0.72,12455.0,Cyprus
544097,84755,COLOUR GLASS T-LIGHT HOLDER HANGING,64,2011-02-16 09:56:00,0.65,12455.0,Cyprus
544097,84970S,HANGING HEART ZINC T-LIGHT HOLDER,48,2011-02-16 09:56:00,0.85,12455.0,Cyprus
544097,84950,ASSORTED COLOUR T-LIGHT HOLDER,96,2011-02-16 09:56:00,0.55,12455.0,Cyprus
544097,84843,WHITE SOAP RACK WITH 2 BOTTLES,2,2011-02-16 09:56:00,5.95,12455.0,Cyprus
544097,84356,POMPOM CURTAIN,4,2011-02-16 09:56:00,6.95,12455.0,Cyprus
544097,22227,HANGING HEART MIRROR DECORATION ,48,2011-02-16 09:56:00,0.65,12455.0,Cyprus
544097,22335,HEART DECORATION PAINTED ZINC ,288,2011-02-16 09:56:00,0.55,12455.0,Cyprus
544097,22595,GINGHAM HEART DECORATION,48,2011-02-16 09:56:00,0.85,12455.0,Cyprus
544097,22597,MUSICAL ZINC HEART DECORATION ,48,2011-02-16 09:56:00,0.85,12455.0,Cyprus
544097,84988,SET OF 72 PINK HEART PAPER DOILIES,12,2011-02-16 09:56:00,1.45,12455.0,Cyprus
544097,84279P,CHERRY BLOSSOM  DECORATIVE FLASK,8,2011-02-16 09:56:00,3.75,12455.0,Cyprus
544097,84279B,CHERRY BLOSSOM DECORATIVE FLASK,8,2011-02-16 09:56:00,3.75,12455.0,Cyprus
544097,22151,PLACE SETTING WHITE HEART,72,2011-02-16 09:56:00,0.42,12455.0,Cyprus
544097,47580,TEA TIME DES TEA COSY,6,2011-02-16 09:56:00,2.55,12455.0,Cyprus
544097,22189,CREAM HEART CARD HOLDER,12,2011-02-16 09:56:00,3.95,12455.0,Cyprus
544097,22188,BLACK HEART CARD HOLDER,4,2011-02-16 09:56:00,3.95,12455.0,Cyprus
544097,21974,SET OF 36 PAISLEY FLOWER DOILIES,12,2011-02-16 09:56:00,1.45,12455.0,Cyprus
544097,85123A,WHITE HANGING HEART T-LIGHT HOLDER,32,2011-02-16 09:56:00,2.55,12455.0,Cyprus
544097,21326,AGED GLASS SILVER T-LIGHT HOLDER,72,2011-02-16 09:56:00,0.65,12455.0,Cyprus
544097,37449,CERAMIC CAKE STAND + HANGING CAKES,8,2011-02-16 09:56:00,8.5,12455.0,Cyprus
544097,22252,BIRDCAGE DECORATION TEALIGHT HOLDER,96,2011-02-16 09:56:00,1.06,12455.0,Cyprus
544097,20702,PINK PADDED MOBILE,6,2011-02-16 09:56:00,4.25,12455.0,Cyprus
544097,22317,FIVE CATS HANGING DECORATION,6,2011-02-16 09:56:00,2.95,12455.0,Cyprus
544097,21194,PINK  HONEYCOMB PAPER FAN,24,2011-02-16 09:56:00,2.1,12455.0,Cyprus
544097,21195,PINK  HONEYCOMB PAPER BALL ,24,2011-02-16 09:56:00,2.1,12455.0,Cyprus
544097,21208,PASTEL COLOUR HONEYCOMB FAN,24,2011-02-16 09:56:00,1.65,12455.0,Cyprus
544097,21209,MULTICOLOUR HONEYCOMB FAN,24,2011-02-16 09:56:00,1.65,12455.0,Cyprus
544097,21200,MULTICOLOUR HONEYCOMB PAPER GARLAND,12,2011-02-16 09:56:00,1.65,12455.0,Cyprus
544097,37450,CERAMIC CAKE BOWL + HANGING CAKES,6,2011-02-16 09:56:00,2.95,12455.0,Cyprus
544097,21947,SET OF 6 HEART CHOPSTICKS,12,2011-02-16 09:56:00,1.25,12455.0,Cyprus
544097,21948,SET OF 6 CAKE CHOPSTICKS,12,2011-02-16 09:56:00,1.25,12455.0,Cyprus
544097,84510A,SET OF 4 ENGLISH ROSE COASTERS,10,2011-02-16 09:56:00,1.25,12455.0,Cyprus
544097,22602,RETROSPOT WOODEN HEART DECORATION,48,2011-02-16 09:56:00,0.85,12455.0,Cyprus
544097,22855,FINE WICKER HEART ,48,2011-02-16 09:56:00,1.06,12455.0,Cyprus
544097,84836,ZINC METAL HEART DECORATION,48,2011-02-16 09:56:00,1.25,12455.0,Cyprus
544097,85061W,WHITE JEWELLED HEART DECORATION,48,2011-02-16 09:56:00,0.85,12455.0,Cyprus
544097,85131A,BEADED PEARL HEART WHITE ON STICK,48,2011-02-16 09:56:00,1.25,12455.0,Cyprus
544331,POST,POSTAGE,1,2011-02-17 17:05:00,15.0,12455.0,Cyprus
544574,22128,PARTY CONES CANDY ASSORTED,12,2011-02-21 13:51:00,1.25,12365.0,Cyprus
544574,20972,PINK CREAM FELT CRAFT TRINKET BOX ,12,2011-02-21 13:51:00,1.25,12365.0,Cyprus
544574,22585,PACK OF 6 BIRDY GIFT TAGS,12,2011-02-21 13:51:00,1.25,12365.0,Cyprus
544574,21107,CREAM SLICE FLANNEL PINK SPOT ,6,2011-02-21 13:51:00,2.95,12365.0,Cyprus
544574,21106,CREAM SLICE FLANNEL CHOCOLATE SPOT ,6,2011-02-21 13:51:00,2.95,12365.0,Cyprus
544574,21358,TOAST ITS - HAPPY BIRTHDAY,12,2011-02-21 13:51:00,1.25,12365.0,Cyprus
544574,21356,TOAST ITS - FAIRY FLOWER,12,2011-02-21 13:51:00,1.25,12365.0,Cyprus
544574,21355,TOAST ITS - I LOVE YOU ,12,2011-02-21 13:51:00,1.25,12365.0,Cyprus
544574,22423,REGENCY CAKESTAND 3 TIER,1,2011-02-21 13:51:00,12.75,12365.0,Cyprus
544574,22699,ROSES REGENCY TEACUP AND SAUCER ,6,2011-02-21 13:51:00,2.95,12365.0,Cyprus
544574,22698,PINK REGENCY TEACUP AND SAUCER,6,2011-02-21 13:51:00,2.95,12365.0,Cyprus
544574,84987,SET OF 36 TEATIME PAPER DOILIES,12,2011-02-21 13:51:00,1.45,12365.0,Cyprus
544574,21974,SET OF 36 PAISLEY FLOWER DOILIES,12,2011-02-21 13:51:00,1.45,12365.0,Cyprus
544574,21408,SPOTTY PINK DUCK DOORSTOP,3,2011-02-21 13:51:00,4.25,12365.0,Cyprus
544574,22915,ASSORTED BOTTLE TOP  MAGNETS ,12,2011-02-21 13:51:00,0.42,12365.0,Cyprus
544574,72807A,SET/3 ROSE CANDLE IN JEWELLED BOX,4,2011-02-21 13:51:00,4.25,12365.0,Cyprus
544574,22478,BIRDHOUSE GARDEN MARKER ,10,2011-02-21 13:51:00,1.25,12365.0,Cyprus
544574,22224,WHITE LOVEBIRD LANTERN,6,2011-02-21 13:51:00,2.95,12365.0,Cyprus
544574,84884A,ANT WHITE WIRE HEART SPIRAL,5,2011-02-21 13:51:00,3.95,12365.0,Cyprus
544574,22697,GREEN REGENCY TEACUP AND SAUCER,6,2011-02-21 13:51:00,2.95,12365.0,Cyprus
544574,21651,HANGING GLASS ETCHED TEALIGHT,6,2011-02-21 13:51:00,1.65,12365.0,Cyprus
544578,M,Manual,1,2011-02-21 14:04:00,320.69,12365.0,Cyprus
546236,84568,GIRLS ALPHABET IRON ON PATCHES ,288,2011-03-10 12:48:00,0.21,12370.0,Cyprus
546236,84598,BOYS ALPHABET IRON ON PATCHES,288,2011-03-10 12:48:00,0.21,12370.0,Cyprus
546236,22224,WHITE LOVEBIRD LANTERN,6,2011-03-10 12:48:00,2.95,12370.0,Cyprus
546236,22784,LANTERN CREAM GAZEBO ,6,2011-03-10 12:48:00,4.95,12370.0,Cyprus
546236,37495,FAIRY CAKE BIRTHDAY CANDLE SET,20,2011-03-10 12:48:00,3.75,12370.0,Cyprus
546236,21055,TOOL BOX SOFT TOY ,4,2011-03-10 12:48:00,8.95,12370.0,Cyprus
546236,21056,DOCTOR'S BAG SOFT TOY,6,2011-03-10 12:48:00,8.95,12370.0,Cyprus
546236,22565,FELTCRAFT HAIRBANDS PINK AND WHITE ,24,2011-03-10 12:48:00,0.85,12370.0,Cyprus
546236,22566,FELTCRAFT HAIRBAND PINK AND PURPLE,24,2011-03-10 12:48:00,0.85,12370.0,Cyprus
546236,22568,FELTCRAFT CUSHION OWL,4,2011-03-10 12:48:00,3.75,12370.0,Cyprus
546236,22569,FELTCRAFT CUSHION BUTTERFLY,4,2011-03-10 12:48:00,3.75,12370.0,Cyprus
546236,22570,FELTCRAFT CUSHION RABBIT,4,2011-03-10 12:48:00,3.75,12370.0,Cyprus
546236,22274,FELTCRAFT DOLL EMILY,6,2011-03-10 12:48:00,2.95,12370.0,Cyprus
546236,22273,FELTCRAFT DOLL MOLLY,6,2011-03-10 12:48:00,2.95,12370.0,Cyprus
546236,22272,FELTCRAFT DOLL MARIA,6,2011-03-10 12:48:00,2.95,12370.0,Cyprus
546236,22271,FELTCRAFT DOLL ROSIE,6,2011-03-10 12:48:00,2.95,12370.0,Cyprus
546236,20967,GREY FLORAL FELTCRAFT SHOULDER BAG,4,2011-03-10 12:48:00,3.75,12370.0,Cyprus
546236,20969,RED FLORAL FELTCRAFT SHOULDER BAG,4,2011-03-10 12:48:00,3.75,12370.0,Cyprus
546236,20970,PINK FLORAL FELTCRAFT SHOULDER BAG,4,2011-03-10 12:48:00,3.75,12370.0,Cyprus
546236,22749,FELTCRAFT PRINCESS CHARLOTTE DOLL,4,2011-03-10 12:48:00,3.75,12370.0,Cyprus
546236,22750,FELTCRAFT PRINCESS LOLA DOLL,4,2011-03-10 12:48:00,3.75,12370.0,Cyprus
546236,22751,FELTCRAFT PRINCESS OLIVIA DOLL,4,2011-03-10 12:48:00,3.75,12370.0,Cyprus
546236,22229,BUNNY WOODEN PAINTED WITH FLOWER ,12,2011-03-10 12:48:00,0.85,12370.0,Cyprus
546236,22230,JIGSAW TREE WITH WATERING CAN,12,2011-03-10 12:48:00,0.85,12370.0,Cyprus
546236,22231,JIGSAW TREE WITH BIRDHOUSE,12,2011-03-10 12:48:00,1.45,12370.0,Cyprus
546236,22233,JIGSAW RABBIT AND BIRDHOUSE,12,2011-03-10 12:48:00,1.65,12370.0,Cyprus
546236,22857,ASSORTED EASTER GIFT TAGS,12,2011-03-10 12:48:00,0.85,12370.0,Cyprus
546236,35912B,WHITE/PINK CHICK DECORATION,12,2011-03-10 12:48:00,1.25,12370.0,Cyprus
546236,35913B,WHITE/PINK CHICK EASTER DECORATION,12,2011-03-10 12:48:00,0.85,12370.0,Cyprus
546236,85199L,LARGE HANGING IVORY & RED WOOD BIRD,12,2011-03-10 12:48:00,0.65,12370.0,Cyprus
546236,85199S,SMALL HANGING IVORY/RED WOOD BIRD,24,2011-03-10 12:48:00,0.42,12370.0,Cyprus
546236,22779,WOODEN OWLS LIGHT GARLAND ,4,2011-03-10 12:48:00,4.25,12370.0,Cyprus
546236,22780,LIGHT GARLAND BUTTERFILES PINK,4,2011-03-10 12:48:00,4.25,12370.0,Cyprus
546236,20653,CHERRY BLOSSOM LUGGAGE TAG,12,2011-03-10 12:48:00,1.25,12370.0,Cyprus
546236,20658,RED RETROSPOT LUGGAGE TAG,12,2011-03-10 12:48:00,1.25,12370.0,Cyprus
546236,85095,THREE CANVAS LUGGAGE TAGS,8,2011-03-10 12:48:00,1.95,12370.0,Cyprus
546236,20654,FIRST CLASS LUGGAGE TAG ,12,2011-03-10 12:48:00,1.25,12370.0,Cyprus
546236,22524,CHILDRENS GARDEN GLOVES BLUE,10,2011-03-10 12:48:00,1.25,12370.0,Cyprus
546236,22525,CHILDRENS GARDEN GLOVES PINK,10,2011-03-10 12:48:00,1.25,12370.0,Cyprus
546236,22523,CHILDS GARDEN FORK PINK,12,2011-03-10 12:48:00,0.85,12370.0,Cyprus
546236,22522,CHILDS GARDEN FORK BLUE ,12,2011-03-10 12:48:00,0.85,12370.0,Cyprus
546236,22521,CHILDS GARDEN TROWEL PINK,12,2011-03-10 12:48:00,0.85,12370.0,Cyprus
546236,22520,CHILDS GARDEN TROWEL BLUE ,12,2011-03-10 12:48:00,0.85,12370.0,Cyprus
546236,21108,FAIRY CAKE FLANNEL ASSORTED COLOUR,9,2011-03-10 12:48:00,2.55,12370.0,Cyprus
546236,21110,LARGE CAKE TOWEL PINK SPOTS,2,2011-03-10 12:48:00,6.75,12370.0,Cyprus
546236,22477,WATERING CAN GARDEN MARKER,10,2011-03-10 12:48:00,1.25,12370.0,Cyprus
546236,18097C,WHITE TALL PORCELAIN T-LIGHT HOLDER,6,2011-03-10 12:48:00,2.55,12370.0,Cyprus
546236,22148,EASTER CRAFT 4 CHICKS ,12,2011-03-10 12:48:00,1.95,12370.0,Cyprus
555477,85099C,JUMBO  BAG BAROQUE BLACK WHITE,10,2011-06-03 12:26:00,2.08,12359.0,Cyprus
555477,22993,SET OF 4 PANTRY JELLY MOULDS,24,2011-06-03 12:26:00,1.25,12359.0,Cyprus
555477,23050,RECYCLED ACAPULCO MAT GREEN,2,2011-06-03 12:26:00,8.25,12359.0,Cyprus
555477,23049,RECYCLED ACAPULCO MAT RED,2,2011-06-03 12:26:00,8.25,12359.0,Cyprus
555477,23051,RECYCLED ACAPULCO MAT BLUE,2,2011-06-03 12:26:00,8.25,12359.0,Cyprus
555477,23052,RECYCLED ACAPULCO MAT TURQUOISE,2,2011-06-03 12:26:00,8.25,12359.0,Cyprus
555477,23053,RECYCLED ACAPULCO MAT PINK,2,2011-06-03 12:26:00,8.25,12359.0,Cyprus
555477,23054,RECYCLED ACAPULCO MAT LAVENDER,2,2011-06-03 12:26:00,8.25,12359.0,Cyprus
555477,23126,FELTCRAFT GIRL AMELIE KIT,4,2011-06-03 12:26:00,4.95,12359.0,Cyprus
555477,23176,ABC TREASURE BOOK BOX ,8,2011-06-03 12:26:00,2.25,12359.0,Cyprus
555477,23177,TREASURE ISLAND BOOK BOX,8,2011-06-03 12:26:00,2.25,12359.0,Cyprus
555477,23182,TOILET SIGN OCCUPIED OR VACANT,24,2011-06-03 12:26:00,0.83,12359.0,Cyprus
555477,23194,GYMKHANA TREASURE BOOK BOX,8,2011-06-03 12:26:00,2.25,12359.0,Cyprus
555477,23199,JUMBO BAG APPLES,10,2011-06-03 12:26:00,2.08,12359.0,Cyprus
555477,22501,PICNIC BASKET WICKER LARGE,4,2011-06-03 12:26:00,9.95,12359.0,Cyprus
555477,23208,LUNCH BAG VINTAGE LEAF DESIGN,10,2011-06-03 12:26:00,1.65,12359.0,Cyprus
555477,23206,LUNCH BAG APPLE DESIGN,10,2011-06-03 12:26:00,1.65,12359.0,Cyprus
555477,22477,WATERING CAN GARDEN MARKER,10,2011-06-03 12:26:00,1.25,12359.0,Cyprus
555477,21277,FRENCH STYLE EMBOSSED HEART CABINET,1,2011-06-03 12:26:00,21.95,12359.0,Cyprus
555477,22109,FULL ENGLISH BREAKFAST PLATE,12,2011-06-03 12:26:00,3.75,12359.0,Cyprus
555477,22908,PACK OF 20 NAPKINS RED APPLES,12,2011-06-03 12:26:00,0.85,12359.0,Cyprus
555477,22907,PACK OF 20 NAPKINS PANTRY DESIGN,12,2011-06-03 12:26:00,0.85,12359.0,Cyprus
555477,22365,DOORMAT RESPECTABLE HOUSE,6,2011-06-03 12:26:00,7.95,12359.0,Cyprus
555477,21770,OPEN CLOSED METAL SIGN,6,2011-06-03 12:26:00,4.95,12359.0,Cyprus
555477,22991,GIRAFFE WOODEN RULER,12,2011-06-03 12:26:00,1.95,12359.0,Cyprus
555477,22652,TRAVEL SEWING KIT,10,2011-06-03 12:26:00,1.65,12359.0,Cyprus
555477,21260,FIRST AID TIN,6,2011-06-03 12:26:00,3.25,12359.0,Cyprus
555477,21906,PHARMACIE FIRST AID TIN,4,2011-06-03 12:26:00,6.75,12359.0,Cyprus
555477,23201,JUMBO BAG ALPHABET,10,2011-06-03 12:26:00,2.08,12359.0,Cyprus
555477,82600,NO SINGING METAL SIGN,12,2011-06-03 12:26:00,2.1,12359.0,Cyprus
555477,21843,RED RETROSPOT CAKE STAND,2,2011-06-03 12:26:00,10.95,12359.0,Cyprus
555477,22423,REGENCY CAKESTAND 3 TIER,8,2011-06-03 12:26:00,12.75,12359.0,Cyprus
555477,22699,ROSES REGENCY TEACUP AND SAUCER ,6,2011-06-03 12:26:00,2.95,12359.0,Cyprus
555477,23191,BUNDLE OF 3 RETRO NOTE BOOKS,12,2011-06-03 12:26:00,1.65,12359.0,Cyprus
555477,23284,DOORMAT KEEP CALM AND COME IN,4,2011-06-03 12:26:00,7.95,12359.0,Cyprus
555477,23283,DOORMAT VINTAGE LEAVES DESIGN ,2,2011-06-03 12:26:00,7.95,12359.0,Cyprus
555477,23298,SPOTTY BUNTING,3,2011-06-03 12:26:00,4.95,12359.0,Cyprus
555477,23202,JUMBO BAG VINTAGE LEAF,10,2011-06-03 12:26:00,2.08,12359.0,Cyprus
555477,23162,REGENCY TEA STRAINER,4,2011-06-03 12:26:00,3.75,12359.0,Cyprus
555477,23175,REGENCY MILK JUG PINK ,6,2011-06-03 12:26:00,3.25,12359.0,Cyprus
555477,23174,REGENCY SUGAR BOWL GREEN,6,2011-06-03 12:26:00,4.15,12359.0,Cyprus
555477,23173,REGENCY TEAPOT ROSES ,4,2011-06-03 12:26:00,9.95,12359.0,Cyprus
555477,23172,REGENCY TEA PLATE PINK,12,2011-06-03 12:26:00,1.65,12359.0,Cyprus
555477,23171,REGENCY TEA PLATE GREEN ,12,2011-06-03 12:26:00,1.65,12359.0,Cyprus
555477,23170,REGENCY TEA PLATE ROSES ,12,2011-06-03 12:26:00,1.65,12359.0,Cyprus
555477,82484,WOOD BLACK BOARD ANT WHITE FINISH,6,2011-06-03 12:26:00,7.95,12359.0,Cyprus
555477,23110,PARISIENNE KEY CABINET ,2,2011-06-03 12:26:00,5.75,12359.0,Cyprus
567188,15056N,EDWARDIAN PARASOL NATURAL,33,2011-09-19 09:04:00,5.95,12457.0,Cyprus
569489,15056N,EDWARDIAN PARASOL NATURAL,33,2011-10-04 13:13:00,5.95,12457.0,Cyprus
570000,22066,LOVE HEART TRINKET POT,48,2011-10-07 08:55:00,0.39,12420.0,Cyprus
570000,22138,BAKING SET 9 PIECE RETROSPOT ,3,2011-10-07 08:55:00,4.95,12420.0,Cyprus
570000,22509,SEWING BOX RETROSPOT DESIGN ,2,2011-10-07 08:55:00,16.95,12420.0,Cyprus
570000,23236,STORAGE TIN VINTAGE DOILY ,6,2011-10-07 08:55:00,2.89,12420.0,Cyprus
570000,20749,ASSORTED COLOUR MINI CASES,4,2011-10-07 08:55:00,7.95,12420.0,Cyprus
570000,20750,RED RETROSPOT MINI CASES,4,2011-10-07 08:55:00,7.95,12420.0,Cyprus
570000,85232D,SET/3 DECOUPAGE STACKING TINS,3,2011-10-07 08:55:00,4.95,12420.0,Cyprus
570000,23247,BISCUIT TIN 50'S CHRISTMAS,12,2011-10-07 08:55:00,2.89,12420.0,Cyprus
570000,22720,SET OF 3 CAKE TINS PANTRY DESIGN ,3,2011-10-07 08:55:00,4.95,12420.0,Cyprus
570000,22721,SET OF 3 CAKE TINS SKETCHBOOK,3,2011-10-07 08:55:00,4.95,12420.0,Cyprus
570000,23245,SET OF 3 REGENCY CAKE TINS,4,2011-10-07 08:55:00,4.95,12420.0,Cyprus
570000,22500,SET OF 2 TINS JARDIN DE PROVENCE,4,2011-10-07 08:55:00,4.95,12420.0,Cyprus
570000,23244,ROUND STORAGE TIN VINTAGE LEAF,6,2011-10-07 08:55:00,1.95,12420.0,Cyprus
570000,23299,FOOD COVER WITH BEADS SET 2 ,6,2011-10-07 08:55:00,3.75,12420.0,Cyprus
570000,22055,MINI CAKE STAND  HANGING STRAWBERY,8,2011-10-07 08:55:00,1.65,12420.0,Cyprus
570000,22061,LARGE CAKE STAND  HANGING STRAWBERY,4,2011-10-07 08:55:00,9.95,12420.0,Cyprus
570000,22890,NOVELTY BISCUITS CAKE STAND 3 TIER,2,2011-10-07 08:55:00,9.95,12420.0,Cyprus
570000,22423,REGENCY CAKESTAND 3 TIER,1,2011-10-07 08:55:00,12.75,12420.0,Cyprus
570000,37449,CERAMIC CAKE STAND + HANGING CAKES,2,2011-10-07 08:55:00,9.95,12420.0,Cyprus
570000,37446,MINI CAKE STAND WITH HANGING CAKES,8,2011-10-07 08:55:00,1.45,12420.0,Cyprus
570000,22197,POPCORN HOLDER,12,2011-10-07 08:55:00,0.85,12420.0,Cyprus
570000,22649,STRAWBERRY FAIRY CAKE TEAPOT,8,2011-10-07 08:55:00,4.95,12420.0,Cyprus
570000,22446,PIN CUSHION BABUSHKA PINK,6,2011-10-07 08:55:00,3.35,12420.0,Cyprus
570000,22448,PIN CUSHION BABUSHKA RED,6,2011-10-07 08:55:00,3.35,12420.0,Cyprus
570000,85203,HANGING WOOD AND FELT BUTTERFLY ,24,2011-10-07 08:55:00,0.42,12420.0,Cyprus
570000,85204,HANGING WOOD AND FELT FLOWER,96,2011-10-07 08:55:00,0.12,12420.0,Cyprus
570000,22128,PARTY CONES CANDY ASSORTED,24,2011-10-07 08:55:00,1.25,12420.0,Cyprus
570000,22129,PARTY CONES CANDY DECORATION,12,2011-10-07 08:55:00,0.85,12420.0,Cyprus
570000,21648,ASSORTED TUTTI FRUTTI SMALL PURSE,24,2011-10-07 08:55:00,1.25,12420.0,Cyprus
571034,22487,WHITE WOOD GARDEN PLANT LADDER,4,2011-10-13 12:47:00,8.5,12359.0,Cyprus
571034,23021,GLASS BONNE JAM JAR,4,2011-10-13 12:47:00,4.15,12359.0,Cyprus
571034,23013,GLASS APOTHECARY BOTTLE TONIC,4,2011-10-13 12:47:00,3.95,12359.0,Cyprus
571034,23020,GLASS  SONGBIRD STORAGE JAR,4,2011-10-13 12:47:00,12.5,12359.0,Cyprus
571034,23245,SET OF 3 REGENCY CAKE TINS,4,2011-10-13 12:47:00,4.95,12359.0,Cyprus
571034,22423,REGENCY CAKESTAND 3 TIER,4,2011-10-13 12:47:00,12.75,12359.0,Cyprus
571034,23012,GLASS APOTHECARY BOTTLE PERFUME,4,2011-10-13 12:47:00,3.95,12359.0,Cyprus
571034,82484,WOOD BLACK BOARD ANT WHITE FINISH,4,2011-10-13 12:47:00,7.95,12359.0,Cyprus
571034,21116,OWL DOORSTOP,3,2011-10-13 12:47:00,4.95,12359.0,Cyprus
571034,21523,DOORMAT FANCY FONT HOME SWEET HOME,2,2011-10-13 12:47:00,7.95,12359.0,Cyprus
571034,22690,DOORMAT HOME SWEET HOME BLUE ,2,2011-10-13 12:47:00,7.95,12359.0,Cyprus
571034,22827,RUSTIC  SEVENTEEN DRAWER SIDEBOARD,2,2011-10-13 12:47:00,145.0,12359.0,Cyprus
571034,22826,LOVE SEAT ANTIQUE WHITE METAL,2,2011-10-13 12:47:00,85.0,12359.0,Cyprus
571034,22847,BREAD BIN DINER STYLE IVORY,1,2011-10-13 12:47:00,16.95,12359.0,Cyprus
571034,22846,BREAD BIN DINER STYLE RED ,1,2011-10-13 12:47:00,16.95,12359.0,Cyprus
571034,22720,SET OF 3 CAKE TINS PANTRY DESIGN ,3,2011-10-13 12:47:00,4.95,12359.0,Cyprus
571034,22626,BLACK KITCHEN SCALES,2,2011-10-13 12:47:00,8.5,12359.0,Cyprus
571034,22726,ALARM CLOCK BAKELIKE GREEN,4,2011-10-13 12:47:00,3.75,12359.0,Cyprus
571034,22727,ALARM CLOCK BAKELIKE RED ,4,2011-10-13 12:47:00,3.75,12359.0,Cyprus
571034,22725,ALARM CLOCK BAKELIKE CHOCOLATE,4,2011-10-13 12:47:00,3.75,12359.0,Cyprus
571034,23302,KNEELING MAT HOUSEWORK  DESIGN,12,2011-10-13 12:47:00,1.65,12359.0,Cyprus
571034,23239,SET OF 4 KNICK KNACK TINS POPPIES,6,2011-10-13 12:47:00,4.15,12359.0,Cyprus
571034,23301,GARDENERS KNEELING PAD KEEP CALM ,12,2011-10-13 12:47:00,1.65,12359.0,Cyprus
571034,22627,MINT KITCHEN SCALES,2,2011-10-13 12:47:00,8.5,12359.0,Cyprus
571034,23346,SPACEBOY BEAKER,12,2011-10-13 12:47:00,1.25,12359.0,Cyprus
571034,23345, DOLLY GIRL BEAKER,12,2011-10-13 12:47:00,1.25,12359.0,Cyprus
571034,23355,HOT WATER BOTTLE KEEP CALM,8,2011-10-13 12:47:00,4.95,12359.0,Cyprus
571034,23356,LOVE HOT WATER BOTTLE,6,2011-10-13 12:47:00,5.95,12359.0,Cyprus
571034,22797,CHEST OF DRAWERS GINGHAM HEART ,4,2011-10-13 12:47:00,16.95,12359.0,Cyprus
571034,22778,GLASS CLOCHE SMALL,8,2011-10-13 12:47:00,3.95,12359.0,Cyprus
571034,22829,SWEETHEART WIRE WALL TIDY,4,2011-10-13 12:47:00,9.95,12359.0,Cyprus
571034,23094,LE GRAND TRAY CHIC SET,4,2011-10-13 12:47:00,12.5,12359.0,Cyprus
571034,22795,SWEETHEART RECIPE BOOK STAND,2,2011-10-13 12:47:00,6.75,12359.0,Cyprus
571034,22794,SWEETHEART WIRE MAGAZINE RACK,2,2011-10-13 12:47:00,7.95,12359.0,Cyprus
571034,22452,MEASURING TAPE BABUSHKA PINK,6,2011-10-13 12:47:00,2.95,12359.0,Cyprus
571034,22446,PIN CUSHION BABUSHKA PINK,6,2011-10-13 12:47:00,3.35,12359.0,Cyprus
571034,21935,SUKI  SHOULDER BAG,10,2011-10-13 12:47:00,1.65,12359.0,Cyprus
571034,21931,JUMBO STORAGE BAG SUKI,10,2011-10-13 12:47:00,2.08,12359.0,Cyprus
571034,84078A,SET/4 WHITE RETRO STORAGE CUBES ,2,2011-10-13 12:47:00,39.95,12359.0,Cyprus
571034,23414,ZINC BOX SIGN HOME,3,2011-10-13 12:47:00,9.95,12359.0,Cyprus
571034,23237,SET OF 4 KNICK KNACK TINS LEAF,6,2011-10-13 12:47:00,4.15,12359.0,Cyprus
571034,23238,SET OF 4 KNICK KNACK TINS LONDON ,6,2011-10-13 12:47:00,4.15,12359.0,Cyprus
571034,23240,SET OF 4 KNICK KNACK TINS DOILY ,6,2011-10-13 12:47:00,4.15,12359.0,Cyprus
571034,23239,SET OF 4 KNICK KNACK TINS POPPIES,6,2011-10-13 12:47:00,4.15,12359.0,Cyprus
571034,23370,SET 36 COLOURING PENCILS DOILY,16,2011-10-13 12:47:00,1.25,12359.0,Cyprus
571034,23371,SET 36 COLOUR PENCILS SPACEBOY ,16,2011-10-13 12:47:00,1.25,12359.0,Cyprus
571034,23372,SET 36 COLOUR PENCILS DOLLY GIRL,16,2011-10-13 12:47:00,1.25,12359.0,Cyprus
571034,20751,FUNKY WASHING UP GLOVES ASSORTED,12,2011-10-13 12:47:00,2.1,12359.0,Cyprus
571034,22109,FULL ENGLISH BREAKFAST PLATE,4,2011-10-13 12:47:00,3.75,12359.0,Cyprus
571034,21528,DAIRY MAID TRADITIONAL TEAPOT ,2,2011-10-13 12:47:00,6.95,12359.0,Cyprus
571034,21166,COOK WITH WINE METAL SIGN ,12,2011-10-13 12:47:00,2.08,12359.0,Cyprus
571034,85099F,JUMBO BAG STRAWBERRY,10,2011-10-13 12:47:00,2.08,12359.0,Cyprus
571034,85099B,JUMBO BAG RED RETROSPOT,10,2011-10-13 12:47:00,2.08,12359.0,Cyprus
571034,23199,JUMBO BAG APPLES,10,2011-10-13 12:47:00,2.08,12359.0,Cyprus
571034,23200,JUMBO BAG PEARS,10,2011-10-13 12:47:00,2.08,12359.0,Cyprus
571034,21136,PAINTED METAL PEARS ASSORTED,16,2011-10-13 12:47:00,1.69,12359.0,Cyprus
571034,21916,SET 12 RETRO WHITE CHALK STICKS,24,2011-10-13 12:47:00,0.42,12359.0,Cyprus
571034,21745,GAOLERS KEYS DECORATIVE GARDEN ,4,2011-10-13 12:47:00,3.75,12359.0,Cyprus
571034,23390,DOLLY GIRL MINI BACKPACK,4,2011-10-13 12:47:00,4.15,12359.0,Cyprus
571034,23391, I LOVE LONDON MINI BACKPACK,4,2011-10-13 12:47:00,4.15,12359.0,Cyprus
571034,23284,DOORMAT KEEP CALM AND COME IN,2,2011-10-13 12:47:00,8.25,12359.0,Cyprus
571034,23174,REGENCY SUGAR BOWL GREEN,4,2011-10-13 12:47:00,4.15,12359.0,Cyprus
571034,23100,SILVER BELLS TABLE DECORATION,12,2011-10-13 12:47:00,1.25,12359.0,Cyprus
571034,23175,REGENCY MILK JUG PINK ,4,2011-10-13 12:47:00,3.25,12359.0,Cyprus
571034,23173,REGENCY TEAPOT ROSES ,2,2011-10-13 12:47:00,9.95,12359.0,Cyprus
571034,23172,REGENCY TEA PLATE PINK,12,2011-10-13 12:47:00,1.65,12359.0,Cyprus
571034,23171,REGENCY TEA PLATE GREEN ,12,2011-10-13 12:47:00,1.65,12359.0,Cyprus
571034,23170,REGENCY TEA PLATE ROSES ,12,2011-10-13 12:47:00,1.65,12359.0,Cyprus
571034,22423,REGENCY CAKESTAND 3 TIER,6,2011-10-13 12:47:00,12.75,12359.0,Cyprus
571034,22699,ROSES REGENCY TEACUP AND SAUCER ,6,2011-10-13 12:47:00,2.95,12359.0,Cyprus
571034,22698,PINK REGENCY TEACUP AND SAUCER,6,2011-10-13 12:47:00,2.95,12359.0,Cyprus
571034,22697,GREEN REGENCY TEACUP AND SAUCER,6,2011-10-13 12:47:00,2.95,12359.0,Cyprus
571034,23315,IVORY REFECTORY CLOCK,2,2011-10-13 12:47:00,9.95,12359.0,Cyprus
571034,22728,ALARM CLOCK BAKELIKE PINK,4,2011-10-13 12:47:00,3.75,12359.0,Cyprus
571034,23504,PLAYING CARDS JUBILEE UNION JACK,12,2011-10-13 12:47:00,1.25,12359.0,Cyprus
571034,23494,VINTAGE DOILY DELUXE SEWING KIT ,3,2011-10-13 12:47:00,5.95,12359.0,Cyprus
571034,23494,VINTAGE DOILY DELUXE SEWING KIT ,3,2011-10-13 12:47:00,5.95,12359.0,Cyprus
571034,23493,VINTAGE DOILY TRAVEL SEWING KIT,10,2011-10-13 12:47:00,1.95,12359.0,Cyprus
571034,23424,GINGHAM RECIPE BOOK BOX,4,2011-10-13 12:47:00,4.95,12359.0,Cyprus
571034,23421,PANTRY HOOK SPATULA,12,2011-10-13 12:47:00,2.08,12359.0,Cyprus
571034,23422,PANTRY HOOK BALLOON WHISK ,12,2011-10-13 12:47:00,2.08,12359.0,Cyprus
571034,23420,PANTRY HOOK TEA STRAINER ,12,2011-10-13 12:47:00,2.08,12359.0,Cyprus
571034,23423,PANTRY 3 HOOK ROLLING PIN HANGER,6,2011-10-13 12:47:00,3.75,12359.0,Cyprus
571034,23426,METAL SIGN DROP YOUR PANTS,6,2011-10-13 12:47:00,2.89,12359.0,Cyprus
571034,23413,VINTAGE COFFEE GRINDER BOX,3,2011-10-13 12:47:00,4.95,12359.0,Cyprus
571034,23404,HOME SWEET HOME BLACKBOARD,6,2011-10-13 12:47:00,4.95,12359.0,Cyprus
571034,23397,FOOT STOOL HOME SWEET HOME ,2,2011-10-13 12:47:00,9.95,12359.0,Cyprus
571034,23188,VINTAGE  2 METRE FOLDING RULER,12,2011-10-13 12:47:00,1.65,12359.0,Cyprus
571034,23245,SET OF 3 REGENCY CAKE TINS,4,2011-10-13 12:47:00,4.95,12359.0,Cyprus
571034,22423,REGENCY CAKESTAND 3 TIER,3,2011-10-13 12:47:00,12.75,12359.0,Cyprus
571034,23542,WALL ART 70'S ALPHABET ,2,2011-10-13 12:47:00,8.25,12359.0,Cyprus
571034,23535,WALL ART BICYCLE SAFETY,4,2011-10-13 12:47:00,5.95,12359.0,Cyprus
571034,23536,WALL ART VILLAGE SHOW ,4,2011-10-13 12:47:00,5.95,12359.0,Cyprus
571034,23537,WALL ART I LOVE LONDON ,6,2011-10-13 12:47:00,4.95,12359.0,Cyprus
571034,23534,WALL ART STOP FOR TEA ,3,2011-10-13 12:47:00,5.95,12359.0,Cyprus
571034,23117,POPPY FIELDS CHOPPING BOARD,3,2011-10-13 12:47:00,4.95,12359.0,Cyprus
571034,23114,VINTAGE LEAF CHOPPING BOARD  ,3,2011-10-13 12:47:00,4.95,12359.0,Cyprus
571034,23528,WALL ART SPACEBOY,6,2011-10-13 12:47:00,3.75,12359.0,Cyprus
571034,23529,WALL ART DOLLY GIRL ,6,2011-10-13 12:47:00,3.75,12359.0,Cyprus
571034,23531,WALL ART BIG LOVE ,3,2011-10-13 12:47:00,6.95,12359.0,Cyprus
571034,23530,WALL ART ONLY ONE PERSON ,6,2011-10-13 12:47:00,4.95,12359.0,Cyprus
571034,23526,WALL ART DOG LICENCE ,4,2011-10-13 12:47:00,5.95,12359.0,Cyprus
571034,23472, NINE DRAWER OFFICE TIDY,4,2011-10-13 12:47:00,14.95,12359.0,Cyprus
571034,23471,SIX DRAWER OFFICE TIDY,4,2011-10-13 12:47:00,9.95,12359.0,Cyprus
571034,23503,PLAYING CARDS KEEP CALM & CARRY ON,12,2011-10-13 12:47:00,1.25,12359.0,Cyprus
571905,22784,LANTERN CREAM GAZEBO ,6,2011-10-19 14:51:00,4.95,12370.0,Cyprus
571905,22465,HANGING METAL STAR LANTERN,12,2011-10-19 14:51:00,1.65,12370.0,Cyprus
571905,85180B,PINK HEARTS LIGHT CHAIN ,6,2011-10-19 14:51:00,4.65,12370.0,Cyprus
571905,23082,SET 6 PAPER TABLE LANTERN HEARTS ,12,2011-10-19 14:51:00,3.75,12370.0,Cyprus
571905,21808,"CHRISTMAS GARLAND STARS,TREES",12,2011-10-19 14:51:00,3.75,12370.0,Cyprus
571905,85123A,WHITE HANGING HEART T-LIGHT HOLDER,30,2011-10-19 14:51:00,2.95,12370.0,Cyprus
571905,18097C,WHITE TALL PORCELAIN T-LIGHT HOLDER,12,2011-10-19 14:51:00,2.55,12370.0,Cyprus
571905,84946,ANTIQUE SILVER T-LIGHT GLASS,12,2011-10-19 14:51:00,1.25,12370.0,Cyprus
571905,20969,RED FLORAL FELTCRAFT SHOULDER BAG,4,2011-10-19 14:51:00,3.75,12370.0,Cyprus
571905,20970,PINK FLORAL FELTCRAFT SHOULDER BAG,4,2011-10-19 14:51:00,3.75,12370.0,Cyprus
571905,22568,FELTCRAFT CUSHION OWL,4,2011-10-19 14:51:00,3.75,12370.0,Cyprus
571905,84879,ASSORTED COLOUR BIRD ORNAMENT,24,2011-10-19 14:51:00,1.69,12370.0,Cyprus
571905,22779,WOODEN OWLS LIGHT GARLAND ,4,2011-10-19 14:51:00,4.25,12370.0,Cyprus
571905,23083,SET 6 PAPER TABLE LANTERN STARS ,12,2011-10-19 14:51:00,3.75,12370.0,Cyprus
571905,22780,LIGHT GARLAND BUTTERFILES PINK,4,2011-10-19 14:51:00,4.25,12370.0,Cyprus
571905,22466,FAIRY TALE COTTAGE NIGHT LIGHT,12,2011-10-19 14:51:00,1.95,12370.0,Cyprus
571905,84006,MAGIC TREE -PAPER FLOWERS,12,2011-10-19 14:51:00,0.85,12370.0,Cyprus
571905,84012,MAGIC SHEEP WOOL GROWING FROM PAPER,24,2011-10-19 14:51:00,0.85,12370.0,Cyprus
571905,22179,SET 10 NIGHT OWL LIGHTS,4,2011-10-19 14:51:00,6.75,12370.0,Cyprus
571905,79302M,"ART LIGHTS,FUNK MONKEY",6,2011-10-19 14:51:00,2.95,12370.0,Cyprus
571905,22766,PHOTO FRAME CORNICE,8,2011-10-19 14:51:00,2.95,12370.0,Cyprus
571905,22767,TRIPLE PHOTO FRAME CORNICE ,4,2011-10-19 14:51:00,9.95,12370.0,Cyprus
571905,22153,ANGEL DECORATION STARS ON DRESS,48,2011-10-19 14:51:00,0.42,12370.0,Cyprus
571905,22571,ROCKING HORSE RED CHRISTMAS ,12,2011-10-19 14:51:00,0.85,12370.0,Cyprus
571905,22154,ANGEL DECORATION 3 BUTTONS ,48,2011-10-19 14:51:00,0.42,12370.0,Cyprus
571905,22575,METAL MERRY CHRISTMAS WREATH,8,2011-10-19 14:51:00,1.95,12370.0,Cyprus
571905,23210,WHITE ROCKING HORSE HAND PAINTED,24,2011-10-19 14:51:00,1.25,12370.0,Cyprus
571905,23213,STAR WREATH DECORATION WITH BELL,12,2011-10-19 14:51:00,1.25,12370.0,Cyprus
577228,22669,RED BABY BUNTING ,1,2011-11-18 12:07:00,2.95,12391.0,Cyprus
577228,22668,PINK BABY BUNTING,1,2011-11-18 12:07:00,2.95,12391.0,Cyprus
577228,22816,CARD MOTORBIKE SANTA,12,2011-11-18 12:07:00,0.42,12391.0,Cyprus
577228,85088,CANDY SPOT HAND BAG,2,2011-11-18 12:07:00,2.1,12391.0,Cyprus
577228,23048,SET OF 10 LANTERNS FAIRY LIGHT STAR,1,2011-11-18 12:07:00,4.15,12391.0,Cyprus
577228,22435,SET OF 9 HEART SHAPED BALLOONS,1,2011-11-18 12:07:00,1.25,12391.0,Cyprus
577228,22818,CARD CHRISTMAS VILLAGE,24,2011-11-18 12:07:00,0.42,12391.0,Cyprus
577228,23008,DOLLY GIRL BABY GIFT SET,1,2011-11-18 12:07:00,16.95,12391.0,Cyprus
577228,84199,GLOW IN DARK DOLPHINS,4,2011-11-18 12:07:00,0.21,12391.0,Cyprus
577228,22144,CHRISTMAS CRAFT LITTLE FRIENDS,1,2011-11-18 12:07:00,2.1,12391.0,Cyprus
577228,23077,DOUGHNUT LIP GLOSS ,20,2011-11-18 12:07:00,1.25,12391.0,Cyprus
577228,23048,SET OF 10 LANTERNS FAIRY LIGHT STAR,1,2011-11-18 12:07:00,4.15,12391.0,Cyprus
577228,22586,FELTCRAFT HAIRBAND PINK AND BLUE,1,2011-11-18 12:07:00,0.85,12391.0,Cyprus
577228,22566,FELTCRAFT HAIRBAND PINK AND PURPLE,1,2011-11-18 12:07:00,0.85,12391.0,Cyprus
577228,22565,FELTCRAFT HAIRBANDS PINK AND WHITE ,1,2011-11-18 12:07:00,0.85,12391.0,Cyprus
577228,22141,CHRISTMAS CRAFT TREE TOP ANGEL,1,2011-11-18 12:07:00,2.1,12391.0,Cyprus
577228,23128,FELTCRAFT BOY JEAN-PAUL KIT,1,2011-11-18 12:07:00,4.95,12391.0,Cyprus
577228,22144,CHRISTMAS CRAFT LITTLE FRIENDS,1,2011-11-18 12:07:00,2.1,12391.0,Cyprus
577228,22142,CHRISTMAS CRAFT WHITE FAIRY ,1,2011-11-18 12:07:00,1.45,12391.0,Cyprus
577228,21841,BABY MOUSE RED GINGHAM DRESS,2,2011-11-18 12:07:00,4.25,12391.0,Cyprus
577228,84580,MOUSE TOY WITH PINK T-SHIRT,1,2011-11-18 12:07:00,3.75,12391.0,Cyprus
577228,84581,DOG TOY WITH PINK CROCHET SKIRT,1,2011-11-18 12:07:00,3.75,12391.0,Cyprus
577228,23127,FELTCRAFT GIRL NICOLE KIT,1,2011-11-18 12:07:00,4.95,12391.0,Cyprus
577228,23126,FELTCRAFT GIRL AMELIE KIT,1,2011-11-18 12:07:00,4.95,12391.0,Cyprus
577228,84580,MOUSE TOY WITH PINK T-SHIRT,1,2011-11-18 12:07:00,3.75,12391.0,Cyprus
577228,22270,HAPPY EASTER HANGING DECORATION,1,2011-11-18 12:07:00,3.75,12391.0,Cyprus
577228,23048,SET OF 10 LANTERNS FAIRY LIGHT STAR,1,2011-11-18 12:07:00,4.15,12391.0,Cyprus
577228,23156,SET OF 5 MINI GROCERY MAGNETS,1,2011-11-18 12:07:00,2.08,12391.0,Cyprus
577228,22270,HAPPY EASTER HANGING DECORATION,1,2011-11-18 12:07:00,3.75,12391.0,Cyprus
577228,20985,HEART CALCULATOR,1,2011-11-18 12:07:00,1.25,12391.0,Cyprus
577228,22435,SET OF 9 HEART SHAPED BALLOONS,1,2011-11-18 12:07:00,1.25,12391.0,Cyprus
577228,23298,SPOTTY BUNTING,1,2011-11-18 12:07:00,4.95,12391.0,Cyprus
577228,47566,PARTY BUNTING,1,2011-11-18 12:07:00,4.95,12391.0,Cyprus
577228,20725,LUNCH BAG RED RETROSPOT,1,2011-11-18 12:07:00,1.65,12391.0,Cyprus
577228,22384,LUNCH BAG PINK POLKADOT,1,2011-11-18 12:07:00,1.65,12391.0,Cyprus
577228,22273,FELTCRAFT DOLL MOLLY,1,2011-11-18 12:07:00,2.95,12391.0,Cyprus
577228,22271,FELTCRAFT DOLL ROSIE,1,2011-11-18 12:07:00,2.95,12391.0,Cyprus
577228,22274,FELTCRAFT DOLL EMILY,1,2011-11-18 12:07:00,2.95,12391.0,Cyprus
577228,22749,FELTCRAFT PRINCESS CHARLOTTE DOLL,1,2011-11-18 12:07:00,3.75,12391.0,Cyprus
577228,22128,PARTY CONES CANDY ASSORTED,12,2011-11-18 12:07:00,1.25,12391.0,Cyprus
577228,22371,AIRLINE BAG VINTAGE TOKYO 78,1,2011-11-18 12:07:00,4.25,12391.0,Cyprus
577228,22375,AIRLINE BAG VINTAGE JET SET BROWN,1,2011-11-18 12:07:00,4.25,12391.0,Cyprus
577228,22374,AIRLINE BAG VINTAGE JET SET RED,1,2011-11-18 12:07:00,4.25,12391.0,Cyprus
577228,22372,AIRLINE BAG VINTAGE WORLD CHAMPION ,1,2011-11-18 12:07:00,4.25,12391.0,Cyprus
577228,22940,FELTCRAFT CHRISTMAS FAIRY,2,2011-11-18 12:07:00,4.25,12391.0,Cyprus
577228,20971,PINK BLUE FELT CRAFT TRINKET BOX,2,2011-11-18 12:07:00,1.25,12391.0,Cyprus
577228,23513,EMBROIDERED RIBBON REEL SUSIE ,1,2011-11-18 12:07:00,2.08,12391.0,Cyprus
577228,23512,EMBROIDERED RIBBON REEL ROSIE,1,2011-11-18 12:07:00,2.08,12391.0,Cyprus
577228,23511,EMBROIDERED RIBBON REEL EMILY ,1,2011-11-18 12:07:00,2.08,12391.0,Cyprus
577228,23518,EMBROIDERED RIBBON REEL RACHEL ,1,2011-11-18 12:07:00,2.89,12391.0,Cyprus
577228,23515,EMBROIDERED RIBBON REEL DAISY ,1,2011-11-18 12:07:00,2.08,12391.0,Cyprus
577228,23517,EMBROIDERED RIBBON REEL REBECCA ,1,2011-11-18 12:07:00,2.89,12391.0,Cyprus
577228,23514,EMBROIDERED RIBBON REEL SALLY ,1,2011-11-18 12:07:00,2.08,12391.0,Cyprus
577228,23516,EMBROIDERED RIBBON REEL SOPHIE  ,1,2011-11-18 12:07:00,3.75,12391.0,Cyprus
577228,23520,EMBROIDERED RIBBON REEL RUBY ,1,2011-11-18 12:07:00,3.75,12391.0,Cyprus
577228,23579,SNACK TRAY I LOVE LONDON,1,2011-11-18 12:07:00,1.95,12391.0,Cyprus
577228,23335,EGG FRYING PAN IVORY ,1,2011-11-18 12:07:00,2.08,12391.0,Cyprus
577228,20985,HEART CALCULATOR,2,2011-11-18 12:07:00,1.25,12391.0,Cyprus
577228,21733,RED HANGING HEART T-LIGHT HOLDER,6,2011-11-18 12:07:00,2.95,12391.0,Cyprus
577228,85123A,WHITE HANGING HEART T-LIGHT HOLDER,10,2011-11-18 12:07:00,2.95,12391.0,Cyprus
577228,22804,PINK HANGING HEART T-LIGHT HOLDER,6,2011-11-18 12:07:00,2.95,12391.0,Cyprus
577228,23156,SET OF 5 MINI GROCERY MAGNETS,1,2011-11-18 12:07:00,2.08,12391.0,Cyprus
577228,23159,SET OF 5 PANCAKE DAY MAGNETS,2,2011-11-18 12:07:00,2.08,12391.0,Cyprus
577228,23154,SET OF 4 JAM JAR MAGNETS,2,2011-11-18 12:07:00,2.08,12391.0,Cyprus
577228,21125,SET 6 FOOTBALL CELEBRATION CANDLES,2,2011-11-18 12:07:00,1.25,12391.0,Cyprus
577228,21126,SET OF 6 GIRLS CELEBRATION CANDLES,2,2011-11-18 12:07:00,1.25,12391.0,Cyprus
577228,21439,BASKET OF TOADSTOOLS,3,2011-11-18 12:07:00,1.25,12391.0,Cyprus
577228,22208,WOOD STAMP SET THANK YOU,1,2011-11-18 12:07:00,0.83,12391.0,Cyprus
577228,22209,WOOD STAMP SET HAPPY BIRTHDAY,1,2011-11-18 12:07:00,0.83,12391.0,Cyprus
577228,22210,WOOD STAMP SET BEST WISHES,1,2011-11-18 12:07:00,0.83,12391.0,Cyprus
577228,21446,12 RED ROSE PEG PLACE SETTINGS,3,2011-11-18 12:07:00,1.25,12391.0,Cyprus
577228,22758,LARGE PURPLE BABUSHKA NOTEBOOK  ,1,2011-11-18 12:07:00,1.25,12391.0,Cyprus
577228,22754,SMALL RED BABUSHKA NOTEBOOK ,1,2011-11-18 12:07:00,0.85,12391.0,Cyprus
577228,22753,SMALL YELLOW BABUSHKA NOTEBOOK ,1,2011-11-18 12:07:00,0.85,12391.0,Cyprus
577228,84536A,ENGLISH ROSE NOTEBOOK A7 SIZE,3,2011-11-18 12:07:00,0.42,12391.0,Cyprus
577228,22809,SET OF 6 T-LIGHTS SANTA,2,2011-11-18 12:07:00,2.95,12391.0,Cyprus
577228,23188,VINTAGE  2 METRE FOLDING RULER,3,2011-11-18 12:07:00,1.65,12391.0,Cyprus
577228,22759,SET OF 3 NOTEBOOKS IN PARCEL,2,2011-11-18 12:07:00,1.65,12391.0,Cyprus
577228,23078,ICE CREAM PEN LIP GLOSS ,20,2011-11-18 12:07:00,1.25,12391.0,Cyprus
577228,16238,PARTY TIME PENCIL ERASERS,28,2011-11-18 12:07:00,0.21,12391.0,Cyprus
577228,21328,BALLOONS  WRITING SET ,1,2011-11-18 12:07:00,1.65,12391.0,Cyprus
577228,22563,HAPPY STENCIL CRAFT,1,2011-11-18 12:07:00,1.25,12391.0,Cyprus
577228,22562,MONSTERS STENCIL CRAFT,1,2011-11-18 12:07:00,1.25,12391.0,Cyprus
577228,22564,ALPHABET STENCIL CRAFT,1,2011-11-18 12:07:00,1.25,12391.0,Cyprus
577228,23197,SKETCHBOOK MAGNETIC SHOPPING LIST,1,2011-11-18 12:07:00,1.45,12391.0,Cyprus
577228,23198,PANTRY MAGNETIC  SHOPPING LIST,1,2011-11-18 12:07:00,1.45,12391.0,Cyprus
577228,23196,VINTAGE LEAF MAGNETIC NOTEPAD,1,2011-11-18 12:07:00,1.45,12391.0,Cyprus
577228,16258A,SWIRLY CIRCULAR RUBBERS IN BAG,12,2011-11-18 12:07:00,0.42,12391.0,Cyprus
577228,23500,KEY RING BASEBALL BOOT ASSORTED ,20,2011-11-18 12:07:00,1.25,12391.0,Cyprus
577228,20674,GREEN POLKADOT BOWL,2,2011-11-18 12:07:00,1.25,12391.0,Cyprus
577228,20675,BLUE POLKADOT BOWL,2,2011-11-18 12:07:00,1.25,12391.0,Cyprus
577228,20676,RED RETROSPOT BOWL,2,2011-11-18 12:07:00,1.25,12391.0,Cyprus
577228,20677,PINK POLKADOT BOWL,2,2011-11-18 12:07:00,1.25,12391.0,Cyprus
577228,21061,PARTY INVITES FOOTBALL,3,2011-11-18 12:07:00,0.85,12391.0,Cyprus
577228,23214,JINGLE BELL HEART ANTIQUE GOLD,3,2011-11-18 12:07:00,2.08,12391.0,Cyprus
577228,37475,SET/4 COLOURFUL MIXING BOWLS,1,2011-11-18 12:07:00,9.95,12391.0,Cyprus
577228,21528,DAIRY MAID TRADITIONAL TEAPOT ,1,2011-11-18 12:07:00,6.95,12391.0,Cyprus
577228,22308,TEA COSY BLUE STRIPE,1,2011-11-18 12:07:00,2.55,12391.0,Cyprus
577228,51014A,"FEATHER PEN,HOT PINK",12,2011-11-18 12:07:00,0.39,12391.0,Cyprus
577228,21034,REX CASH+CARRY JUMBO SHOPPER,1,2011-11-18 12:07:00,0.95,12391.0,Cyprus
